SET session_replication_role = replica;

--
-- PostgreSQL database dump
--

-- Dumped from database version 15.6
-- Dumped by pg_dump version 15.7 (Ubuntu 15.7-1.pgdg20.04+1)

SET statement_timeout = 0;
SET lock_timeout = 0;
SET idle_in_transaction_session_timeout = 0;
SET client_encoding = 'UTF8';
SET standard_conforming_strings = on;
SELECT pg_catalog.set_config('search_path', '', false);
SET check_function_bodies = false;
SET xmloption = content;
SET client_min_messages = warning;
SET row_security = off;

--
-- Data for Name: audit_log_entries; Type: TABLE DATA; Schema: auth; Owner: supabase_auth_admin
--

INSERT INTO "auth"."audit_log_entries" ("instance_id", "id", "payload", "created_at", "ip_address") VALUES
	('00000000-0000-0000-0000-000000000000', 'fcf1a6db-5ff8-4138-86f2-7e9ac7b83829', '{"action":"user_confirmation_requested","actor_id":"ecfdc9af-2091-438f-91a3-44dde8de6558","actor_username":"roho.bhattacharya@gmail.com","actor_via_sso":false,"log_type":"user","traits":{"provider":"email"}}', '2024-08-15 14:00:45.183575+00', ''),
	('00000000-0000-0000-0000-000000000000', '048d6b03-34d8-464e-884d-7284a53d4c3d', '{"action":"user_signedup","actor_id":"ecfdc9af-2091-438f-91a3-44dde8de6558","actor_username":"roho.bhattacharya@gmail.com","actor_via_sso":false,"log_type":"team"}', '2024-08-15 14:01:10.407766+00', ''),
	('00000000-0000-0000-0000-000000000000', 'f0d569c1-1411-41b0-acf5-290adf702470', '{"action":"login","actor_id":"ecfdc9af-2091-438f-91a3-44dde8de6558","actor_username":"roho.bhattacharya@gmail.com","actor_via_sso":false,"log_type":"account","traits":{"provider":"email"}}', '2024-08-15 14:05:14.748437+00', ''),
	('00000000-0000-0000-0000-000000000000', '59962130-e95b-4020-950d-efdd3daa9878', '{"action":"token_refreshed","actor_id":"ecfdc9af-2091-438f-91a3-44dde8de6558","actor_username":"roho.bhattacharya@gmail.com","actor_via_sso":false,"log_type":"token"}', '2024-08-15 17:49:09.114285+00', ''),
	('00000000-0000-0000-0000-000000000000', 'b0634897-5095-4378-86b8-e91258cf3ea2', '{"action":"token_revoked","actor_id":"ecfdc9af-2091-438f-91a3-44dde8de6558","actor_username":"roho.bhattacharya@gmail.com","actor_via_sso":false,"log_type":"token"}', '2024-08-15 17:49:09.115144+00', ''),
	('00000000-0000-0000-0000-000000000000', '38ba3551-d51b-4163-bd8f-3992882a7c4b', '{"action":"token_refreshed","actor_id":"ecfdc9af-2091-438f-91a3-44dde8de6558","actor_username":"roho.bhattacharya@gmail.com","actor_via_sso":false,"log_type":"token"}', '2024-08-15 18:49:48.200378+00', ''),
	('00000000-0000-0000-0000-000000000000', '39477482-e091-4bfa-b407-71f083783cfe', '{"action":"token_revoked","actor_id":"ecfdc9af-2091-438f-91a3-44dde8de6558","actor_username":"roho.bhattacharya@gmail.com","actor_via_sso":false,"log_type":"token"}', '2024-08-15 18:49:48.201298+00', ''),
	('00000000-0000-0000-0000-000000000000', '79fba4b5-af03-4438-a838-6ad607bd6e72', '{"action":"token_refreshed","actor_id":"ecfdc9af-2091-438f-91a3-44dde8de6558","actor_username":"roho.bhattacharya@gmail.com","actor_via_sso":false,"log_type":"token"}', '2024-08-16 15:36:34.58553+00', ''),
	('00000000-0000-0000-0000-000000000000', 'ca76f9a9-2430-4323-b262-de1da70c2eba', '{"action":"token_revoked","actor_id":"ecfdc9af-2091-438f-91a3-44dde8de6558","actor_username":"roho.bhattacharya@gmail.com","actor_via_sso":false,"log_type":"token"}', '2024-08-16 15:36:34.597081+00', ''),
	('00000000-0000-0000-0000-000000000000', '83259d70-10cd-4352-91cd-cb1e29506139', '{"action":"token_refreshed","actor_id":"ecfdc9af-2091-438f-91a3-44dde8de6558","actor_username":"roho.bhattacharya@gmail.com","actor_via_sso":false,"log_type":"token"}', '2024-08-16 20:56:35.063753+00', ''),
	('00000000-0000-0000-0000-000000000000', 'a21735f9-41d5-4d27-a67c-9584852ebdfd', '{"action":"token_revoked","actor_id":"ecfdc9af-2091-438f-91a3-44dde8de6558","actor_username":"roho.bhattacharya@gmail.com","actor_via_sso":false,"log_type":"token"}', '2024-08-16 20:56:35.064736+00', ''),
	('00000000-0000-0000-0000-000000000000', '41fd9a08-d92a-4ee5-8aa8-0da36577c29c', '{"action":"token_refreshed","actor_id":"ecfdc9af-2091-438f-91a3-44dde8de6558","actor_username":"roho.bhattacharya@gmail.com","actor_via_sso":false,"log_type":"token"}', '2024-08-17 10:38:04.842788+00', ''),
	('00000000-0000-0000-0000-000000000000', 'd7911377-e360-4efe-8721-64147d752150', '{"action":"token_revoked","actor_id":"ecfdc9af-2091-438f-91a3-44dde8de6558","actor_username":"roho.bhattacharya@gmail.com","actor_via_sso":false,"log_type":"token"}', '2024-08-17 10:38:04.852158+00', ''),
	('00000000-0000-0000-0000-000000000000', '799fa8b6-3063-448f-942e-61a1a57311b6', '{"action":"token_refreshed","actor_id":"ecfdc9af-2091-438f-91a3-44dde8de6558","actor_username":"roho.bhattacharya@gmail.com","actor_via_sso":false,"log_type":"token"}', '2024-08-17 11:55:33.55298+00', ''),
	('00000000-0000-0000-0000-000000000000', '04eca400-01ae-48bd-be81-2ee7e0b5757b', '{"action":"token_revoked","actor_id":"ecfdc9af-2091-438f-91a3-44dde8de6558","actor_username":"roho.bhattacharya@gmail.com","actor_via_sso":false,"log_type":"token"}', '2024-08-17 11:55:33.554367+00', ''),
	('00000000-0000-0000-0000-000000000000', 'fcb6d22a-c9e3-40f2-977c-045e61e5ce5d', '{"action":"login","actor_id":"ecfdc9af-2091-438f-91a3-44dde8de6558","actor_username":"roho.bhattacharya@gmail.com","actor_via_sso":false,"log_type":"account","traits":{"provider":"email"}}', '2024-08-18 22:47:24.5629+00', ''),
	('00000000-0000-0000-0000-000000000000', '33a54243-003e-4eb5-88f9-6c0d89549160', '{"action":"token_refreshed","actor_id":"ecfdc9af-2091-438f-91a3-44dde8de6558","actor_username":"roho.bhattacharya@gmail.com","actor_via_sso":false,"log_type":"token"}', '2024-08-19 11:35:48.20606+00', ''),
	('00000000-0000-0000-0000-000000000000', '1f0edcdf-d40e-4400-af46-1a1d2f993294', '{"action":"token_revoked","actor_id":"ecfdc9af-2091-438f-91a3-44dde8de6558","actor_username":"roho.bhattacharya@gmail.com","actor_via_sso":false,"log_type":"token"}', '2024-08-19 11:35:48.21651+00', ''),
	('00000000-0000-0000-0000-000000000000', 'ad633b07-e0e4-4a68-aaff-33ff9d0808d0', '{"action":"token_refreshed","actor_id":"ecfdc9af-2091-438f-91a3-44dde8de6558","actor_username":"roho.bhattacharya@gmail.com","actor_via_sso":false,"log_type":"token"}', '2024-08-19 15:55:51.216958+00', ''),
	('00000000-0000-0000-0000-000000000000', 'eeb7c9f8-dca6-4703-a47e-cc094901554a', '{"action":"token_revoked","actor_id":"ecfdc9af-2091-438f-91a3-44dde8de6558","actor_username":"roho.bhattacharya@gmail.com","actor_via_sso":false,"log_type":"token"}', '2024-08-19 15:55:51.21794+00', ''),
	('00000000-0000-0000-0000-000000000000', 'fb4f31f0-46ce-4856-90cc-6560e75f06a4', '{"action":"token_refreshed","actor_id":"ecfdc9af-2091-438f-91a3-44dde8de6558","actor_username":"roho.bhattacharya@gmail.com","actor_via_sso":false,"log_type":"token"}', '2024-08-20 09:43:27.530907+00', ''),
	('00000000-0000-0000-0000-000000000000', 'ad40c48b-c7f0-4e5c-abcc-cb1d1bf3c725', '{"action":"token_revoked","actor_id":"ecfdc9af-2091-438f-91a3-44dde8de6558","actor_username":"roho.bhattacharya@gmail.com","actor_via_sso":false,"log_type":"token"}', '2024-08-20 09:43:27.535353+00', ''),
	('00000000-0000-0000-0000-000000000000', '81b16209-10eb-4c49-b282-b91d9749673d', '{"action":"token_refreshed","actor_id":"ecfdc9af-2091-438f-91a3-44dde8de6558","actor_username":"roho.bhattacharya@gmail.com","actor_via_sso":false,"log_type":"token"}', '2024-08-20 10:43:25.644511+00', ''),
	('00000000-0000-0000-0000-000000000000', '41b2b03c-7d83-4069-87c8-c8b5ff682413', '{"action":"token_revoked","actor_id":"ecfdc9af-2091-438f-91a3-44dde8de6558","actor_username":"roho.bhattacharya@gmail.com","actor_via_sso":false,"log_type":"token"}', '2024-08-20 10:43:25.646171+00', ''),
	('00000000-0000-0000-0000-000000000000', '6d6df9cc-e9fd-4b91-83b5-1c0b7c841f5f', '{"action":"token_refreshed","actor_id":"ecfdc9af-2091-438f-91a3-44dde8de6558","actor_username":"roho.bhattacharya@gmail.com","actor_via_sso":false,"log_type":"token"}', '2024-08-20 11:45:28.622564+00', ''),
	('00000000-0000-0000-0000-000000000000', 'a3fdf568-b29f-492a-bba2-7a7894d2934f', '{"action":"token_revoked","actor_id":"ecfdc9af-2091-438f-91a3-44dde8de6558","actor_username":"roho.bhattacharya@gmail.com","actor_via_sso":false,"log_type":"token"}', '2024-08-20 11:45:28.624363+00', ''),
	('00000000-0000-0000-0000-000000000000', '0e0f3686-2b44-4298-adaf-d3a99d0ad000', '{"action":"token_refreshed","actor_id":"ecfdc9af-2091-438f-91a3-44dde8de6558","actor_username":"roho.bhattacharya@gmail.com","actor_via_sso":false,"log_type":"token"}', '2024-08-20 13:38:26.739284+00', ''),
	('00000000-0000-0000-0000-000000000000', '99936c1b-8523-472d-8afb-b04e681729b7', '{"action":"token_revoked","actor_id":"ecfdc9af-2091-438f-91a3-44dde8de6558","actor_username":"roho.bhattacharya@gmail.com","actor_via_sso":false,"log_type":"token"}', '2024-08-20 13:38:26.74125+00', ''),
	('00000000-0000-0000-0000-000000000000', 'ff8a8ed5-1b9e-4ff0-b96d-ecd4bf579df8', '{"action":"token_refreshed","actor_id":"ecfdc9af-2091-438f-91a3-44dde8de6558","actor_username":"roho.bhattacharya@gmail.com","actor_via_sso":false,"log_type":"token"}', '2024-08-21 11:46:20.469123+00', ''),
	('00000000-0000-0000-0000-000000000000', '7859eda1-d185-4e63-b30c-9cccebb69bb9', '{"action":"token_revoked","actor_id":"ecfdc9af-2091-438f-91a3-44dde8de6558","actor_username":"roho.bhattacharya@gmail.com","actor_via_sso":false,"log_type":"token"}', '2024-08-21 11:46:20.476873+00', ''),
	('00000000-0000-0000-0000-000000000000', 'a8e10944-79d5-4199-bdf7-f1b0c557c1f6', '{"action":"token_refreshed","actor_id":"ecfdc9af-2091-438f-91a3-44dde8de6558","actor_username":"roho.bhattacharya@gmail.com","actor_via_sso":false,"log_type":"token"}', '2024-08-21 13:03:09.076757+00', ''),
	('00000000-0000-0000-0000-000000000000', 'b0b4a0ea-e5d8-4223-acda-f225b9ddf964', '{"action":"token_revoked","actor_id":"ecfdc9af-2091-438f-91a3-44dde8de6558","actor_username":"roho.bhattacharya@gmail.com","actor_via_sso":false,"log_type":"token"}', '2024-08-21 13:03:09.078379+00', ''),
	('00000000-0000-0000-0000-000000000000', '25a1ec3c-c430-4bbc-a711-8afb0b32c81b', '{"action":"token_refreshed","actor_id":"ecfdc9af-2091-438f-91a3-44dde8de6558","actor_username":"roho.bhattacharya@gmail.com","actor_via_sso":false,"log_type":"token"}', '2024-08-21 14:02:07.062447+00', ''),
	('00000000-0000-0000-0000-000000000000', '8095a2c0-6c21-42a5-8f2d-cc6bf9cf8d41', '{"action":"token_revoked","actor_id":"ecfdc9af-2091-438f-91a3-44dde8de6558","actor_username":"roho.bhattacharya@gmail.com","actor_via_sso":false,"log_type":"token"}', '2024-08-21 14:02:07.06423+00', ''),
	('00000000-0000-0000-0000-000000000000', 'c93cd6a7-ec22-4be8-acbe-062fc1a50688', '{"action":"token_refreshed","actor_id":"ecfdc9af-2091-438f-91a3-44dde8de6558","actor_username":"roho.bhattacharya@gmail.com","actor_via_sso":false,"log_type":"token"}', '2024-08-23 13:06:55.02768+00', ''),
	('00000000-0000-0000-0000-000000000000', '643c78f7-a8e1-4aaa-a762-95178fc93112', '{"action":"token_revoked","actor_id":"ecfdc9af-2091-438f-91a3-44dde8de6558","actor_username":"roho.bhattacharya@gmail.com","actor_via_sso":false,"log_type":"token"}', '2024-08-23 13:06:55.036205+00', ''),
	('00000000-0000-0000-0000-000000000000', '861e01d9-64cf-4fb0-8eb2-0e828fce9800', '{"action":"token_refreshed","actor_id":"ecfdc9af-2091-438f-91a3-44dde8de6558","actor_username":"roho.bhattacharya@gmail.com","actor_via_sso":false,"log_type":"token"}', '2024-08-23 14:09:31.990524+00', ''),
	('00000000-0000-0000-0000-000000000000', '7cdf2a31-f36c-4664-8bc2-052c827d9846', '{"action":"token_revoked","actor_id":"ecfdc9af-2091-438f-91a3-44dde8de6558","actor_username":"roho.bhattacharya@gmail.com","actor_via_sso":false,"log_type":"token"}', '2024-08-23 14:09:31.99241+00', ''),
	('00000000-0000-0000-0000-000000000000', 'e0d9d3f0-6c9b-4f4b-9a30-24c18dcf47d8', '{"action":"user_confirmation_requested","actor_id":"7809c581-da2e-4b4d-b064-3f41dc2449c0","actor_username":"rohosen.main@gmail.com","actor_via_sso":false,"log_type":"user","traits":{"provider":"email"}}', '2024-08-23 14:11:13.252559+00', ''),
	('00000000-0000-0000-0000-000000000000', '35630c20-072e-4667-81be-68941431ff09', '{"action":"logout","actor_id":"ecfdc9af-2091-438f-91a3-44dde8de6558","actor_username":"roho.bhattacharya@gmail.com","actor_via_sso":false,"log_type":"account"}', '2024-08-23 14:17:25.589807+00', ''),
	('00000000-0000-0000-0000-000000000000', '8ec5401c-370f-4e4e-9418-36e5a76eb6df', '{"action":"user_signedup","actor_id":"7809c581-da2e-4b4d-b064-3f41dc2449c0","actor_username":"rohosen.main@gmail.com","actor_via_sso":false,"log_type":"team"}', '2024-08-23 14:17:51.642121+00', ''),
	('00000000-0000-0000-0000-000000000000', 'd295887f-daee-4f15-bd86-519c9a7e6a42', '{"action":"login","actor_id":"7809c581-da2e-4b4d-b064-3f41dc2449c0","actor_username":"rohosen.main@gmail.com","actor_via_sso":false,"log_type":"account","traits":{"provider":"email"}}', '2024-08-23 14:17:57.849396+00', ''),
	('00000000-0000-0000-0000-000000000000', '5b6516fe-29c7-48ec-9b74-813e4606218e', '{"action":"token_refreshed","actor_id":"7809c581-da2e-4b4d-b064-3f41dc2449c0","actor_username":"rohosen.main@gmail.com","actor_via_sso":false,"log_type":"token"}', '2024-08-23 15:19:50.889844+00', ''),
	('00000000-0000-0000-0000-000000000000', 'd06fe433-6f99-4f16-9148-b9f49e1ea177', '{"action":"token_revoked","actor_id":"7809c581-da2e-4b4d-b064-3f41dc2449c0","actor_username":"rohosen.main@gmail.com","actor_via_sso":false,"log_type":"token"}', '2024-08-23 15:19:50.891621+00', ''),
	('00000000-0000-0000-0000-000000000000', 'c218d05d-6f77-465c-b4f7-4e9d4ade71ed', '{"action":"token_refreshed","actor_id":"7809c581-da2e-4b4d-b064-3f41dc2449c0","actor_username":"rohosen.main@gmail.com","actor_via_sso":false,"log_type":"token"}', '2024-08-23 20:10:48.432618+00', ''),
	('00000000-0000-0000-0000-000000000000', '6065a1b7-0edc-4a07-91c8-a91cf297ad3b', '{"action":"token_revoked","actor_id":"7809c581-da2e-4b4d-b064-3f41dc2449c0","actor_username":"rohosen.main@gmail.com","actor_via_sso":false,"log_type":"token"}', '2024-08-23 20:10:48.434905+00', ''),
	('00000000-0000-0000-0000-000000000000', '7c28af5f-7b1b-45b2-a2c8-6743dd11e9f6', '{"action":"token_refreshed","actor_id":"7809c581-da2e-4b4d-b064-3f41dc2449c0","actor_username":"rohosen.main@gmail.com","actor_via_sso":false,"log_type":"token"}', '2024-08-23 21:39:50.465331+00', ''),
	('00000000-0000-0000-0000-000000000000', 'e52774c4-f8db-4bf4-915a-e98bc4a46ee9', '{"action":"token_revoked","actor_id":"7809c581-da2e-4b4d-b064-3f41dc2449c0","actor_username":"rohosen.main@gmail.com","actor_via_sso":false,"log_type":"token"}', '2024-08-23 21:39:50.469254+00', ''),
	('00000000-0000-0000-0000-000000000000', '0364c11b-1b97-415a-8a5c-0aa3bbffa4c3', '{"action":"token_refreshed","actor_id":"7809c581-da2e-4b4d-b064-3f41dc2449c0","actor_username":"rohosen.main@gmail.com","actor_via_sso":false,"log_type":"token"}', '2024-08-23 23:34:22.899039+00', ''),
	('00000000-0000-0000-0000-000000000000', 'b1d5bbb2-7355-455d-9cde-d5b1e72907dd', '{"action":"token_revoked","actor_id":"7809c581-da2e-4b4d-b064-3f41dc2449c0","actor_username":"rohosen.main@gmail.com","actor_via_sso":false,"log_type":"token"}', '2024-08-23 23:34:22.900734+00', ''),
	('00000000-0000-0000-0000-000000000000', 'f53de134-21fa-4f3e-bd7f-aaa4b8b2ef5c', '{"action":"token_refreshed","actor_id":"7809c581-da2e-4b4d-b064-3f41dc2449c0","actor_username":"rohosen.main@gmail.com","actor_via_sso":false,"log_type":"token"}', '2024-08-24 00:32:28.405941+00', ''),
	('00000000-0000-0000-0000-000000000000', '564d4777-f4d5-4165-9b51-cb592ddddbfa', '{"action":"token_revoked","actor_id":"7809c581-da2e-4b4d-b064-3f41dc2449c0","actor_username":"rohosen.main@gmail.com","actor_via_sso":false,"log_type":"token"}', '2024-08-24 00:32:28.407369+00', ''),
	('00000000-0000-0000-0000-000000000000', '35885024-6317-4242-be59-6e8efc13c697', '{"action":"user_confirmation_requested","actor_id":"0b0c26e6-9f25-4f07-812d-b025dd8fc145","actor_username":"brady.alexander321@gmail.com","actor_via_sso":false,"log_type":"user","traits":{"provider":"email"}}', '2024-08-24 09:54:42.528048+00', ''),
	('00000000-0000-0000-0000-000000000000', '74877e5c-f4bc-4329-842c-3da849d802ae', '{"action":"token_refreshed","actor_id":"7809c581-da2e-4b4d-b064-3f41dc2449c0","actor_username":"rohosen.main@gmail.com","actor_via_sso":false,"log_type":"token"}', '2024-08-24 09:55:22.199107+00', ''),
	('00000000-0000-0000-0000-000000000000', '1e8493ad-e133-43f9-9a3c-009ac85d474d', '{"action":"token_revoked","actor_id":"7809c581-da2e-4b4d-b064-3f41dc2449c0","actor_username":"rohosen.main@gmail.com","actor_via_sso":false,"log_type":"token"}', '2024-08-24 09:55:22.199765+00', ''),
	('00000000-0000-0000-0000-000000000000', '355114d1-5ab1-4731-b3ec-5908e440c3db', '{"action":"user_signedup","actor_id":"0b0c26e6-9f25-4f07-812d-b025dd8fc145","actor_username":"brady.alexander321@gmail.com","actor_via_sso":false,"log_type":"team"}', '2024-08-24 10:00:16.497194+00', ''),
	('00000000-0000-0000-0000-000000000000', 'a8cbf66e-44ad-4f9a-b60e-46bbe824789f', '{"action":"login","actor_id":"7809c581-da2e-4b4d-b064-3f41dc2449c0","actor_username":"rohosen.main@gmail.com","actor_via_sso":false,"log_type":"account","traits":{"provider":"email"}}', '2024-08-24 10:06:10.19937+00', ''),
	('00000000-0000-0000-0000-000000000000', 'be69a6b8-2cbd-42b9-8530-fc5ebdc2637a', '{"action":"login","actor_id":"7809c581-da2e-4b4d-b064-3f41dc2449c0","actor_username":"rohosen.main@gmail.com","actor_via_sso":false,"log_type":"account","traits":{"provider":"email"}}', '2024-08-24 10:07:47.534699+00', ''),
	('00000000-0000-0000-0000-000000000000', 'ad87aaf1-d9c0-47d5-b5b5-c58f6e68359f', '{"action":"logout","actor_id":"7809c581-da2e-4b4d-b064-3f41dc2449c0","actor_username":"rohosen.main@gmail.com","actor_via_sso":false,"log_type":"account"}', '2024-08-24 10:12:43.665147+00', ''),
	('00000000-0000-0000-0000-000000000000', 'd9a30ccc-2101-4d92-aa82-c7f4f7741bc1', '{"action":"user_deleted","actor_id":"00000000-0000-0000-0000-000000000000","actor_username":"service_role","actor_via_sso":false,"log_type":"team","traits":{"user_email":"brady.alexander321@gmail.com","user_id":"0b0c26e6-9f25-4f07-812d-b025dd8fc145","user_phone":""}}', '2024-08-24 10:24:20.612132+00', ''),
	('00000000-0000-0000-0000-000000000000', '72788cbe-7f7c-4752-a02d-325d4a49b4a6', '{"action":"login","actor_id":"7809c581-da2e-4b4d-b064-3f41dc2449c0","actor_username":"rohosen.main@gmail.com","actor_via_sso":false,"log_type":"account","traits":{"provider":"email"}}', '2024-08-24 10:28:01.192746+00', ''),
	('00000000-0000-0000-0000-000000000000', 'bfec054d-a02c-4ad5-9e76-4feb71ec9fdc', '{"action":"user_invited","actor_id":"00000000-0000-0000-0000-000000000000","actor_username":"supabase_admin","actor_via_sso":false,"log_type":"team","traits":{"user_email":"brady.alexander321@gmail.com","user_id":"a88bc8e1-9f54-4304-8d74-2668a220e2ab"}}', '2024-08-24 10:39:07.771392+00', ''),
	('00000000-0000-0000-0000-000000000000', 'c9c7128a-af5b-4a56-a2a2-5f1e466f9bdd', '{"action":"user_signedup","actor_id":"a88bc8e1-9f54-4304-8d74-2668a220e2ab","actor_username":"brady.alexander321@gmail.com","actor_via_sso":false,"log_type":"team"}', '2024-08-24 10:51:09.309498+00', ''),
	('00000000-0000-0000-0000-000000000000', 'f3ada82b-1625-474f-9f33-0d4622e78ddc', '{"action":"user_repeated_signup","actor_id":"a88bc8e1-9f54-4304-8d74-2668a220e2ab","actor_username":"brady.alexander321@gmail.com","actor_via_sso":false,"log_type":"user","traits":{"provider":"email"}}', '2024-08-24 10:56:13.371272+00', ''),
	('00000000-0000-0000-0000-000000000000', 'b775c001-8b12-4f6c-b294-d24640ab6673', '{"action":"user_deleted","actor_id":"00000000-0000-0000-0000-000000000000","actor_username":"service_role","actor_via_sso":false,"log_type":"team","traits":{"user_email":"brady.alexander321@gmail.com","user_id":"a88bc8e1-9f54-4304-8d74-2668a220e2ab","user_phone":""}}', '2024-08-24 11:00:13.002893+00', ''),
	('00000000-0000-0000-0000-000000000000', '0844529b-96bc-4877-868c-570bd41b2b72', '{"action":"login","actor_id":"7809c581-da2e-4b4d-b064-3f41dc2449c0","actor_username":"rohosen.main@gmail.com","actor_via_sso":false,"log_type":"account","traits":{"provider":"email"}}', '2024-08-24 11:53:05.88343+00', ''),
	('00000000-0000-0000-0000-000000000000', '1176aded-f43f-43d3-962c-d1285aeccd6d', '{"action":"user_updated_password","actor_id":"7809c581-da2e-4b4d-b064-3f41dc2449c0","actor_username":"rohosen.main@gmail.com","actor_via_sso":false,"log_type":"user"}', '2024-08-24 11:54:39.62395+00', ''),
	('00000000-0000-0000-0000-000000000000', '2a39bdad-0824-4708-97a6-33738d40fc69', '{"action":"user_modified","actor_id":"7809c581-da2e-4b4d-b064-3f41dc2449c0","actor_username":"rohosen.main@gmail.com","actor_via_sso":false,"log_type":"user"}', '2024-08-24 11:54:39.625515+00', ''),
	('00000000-0000-0000-0000-000000000000', '6ee74e80-ffbc-4c94-b813-0314354a3118', '{"action":"logout","actor_id":"7809c581-da2e-4b4d-b064-3f41dc2449c0","actor_username":"rohosen.main@gmail.com","actor_via_sso":false,"log_type":"account"}', '2024-08-24 11:54:48.025149+00', ''),
	('00000000-0000-0000-0000-000000000000', '11072924-31cd-4164-8d52-765b5ada99ec', '{"action":"login","actor_id":"7809c581-da2e-4b4d-b064-3f41dc2449c0","actor_username":"rohosen.main@gmail.com","actor_via_sso":false,"log_type":"account","traits":{"provider":"email"}}', '2024-08-24 11:55:09.625661+00', ''),
	('00000000-0000-0000-0000-000000000000', '303b2f93-047a-4ea2-bc10-2cd196f61320', '{"action":"logout","actor_id":"7809c581-da2e-4b4d-b064-3f41dc2449c0","actor_username":"rohosen.main@gmail.com","actor_via_sso":false,"log_type":"account"}', '2024-08-24 12:12:20.20162+00', ''),
	('00000000-0000-0000-0000-000000000000', '71812fda-61bc-4322-8cb5-5ec03117c7fe', '{"action":"login","actor_id":"7809c581-da2e-4b4d-b064-3f41dc2449c0","actor_username":"rohosen.main@gmail.com","actor_via_sso":false,"log_type":"account","traits":{"provider":"email"}}', '2024-08-24 12:29:38.704304+00', ''),
	('00000000-0000-0000-0000-000000000000', 'c5d51ae9-2813-47c9-999d-75f739b0b0dd', '{"action":"login","actor_id":"7809c581-da2e-4b4d-b064-3f41dc2449c0","actor_username":"rohosen.main@gmail.com","actor_via_sso":false,"log_type":"account","traits":{"provider":"email"}}', '2024-08-24 12:29:42.095029+00', ''),
	('00000000-0000-0000-0000-000000000000', '74ecd1c5-1efb-4a2c-a00b-52df724d5e5d', '{"action":"logout","actor_id":"7809c581-da2e-4b4d-b064-3f41dc2449c0","actor_username":"rohosen.main@gmail.com","actor_via_sso":false,"log_type":"account"}', '2024-08-24 12:30:23.57962+00', ''),
	('00000000-0000-0000-0000-000000000000', '181de2bc-3f5d-4102-87aa-eb9fa1a8439f', '{"action":"login","actor_id":"7809c581-da2e-4b4d-b064-3f41dc2449c0","actor_username":"rohosen.main@gmail.com","actor_via_sso":false,"log_type":"account","traits":{"provider":"email"}}', '2024-08-24 13:23:04.762334+00', ''),
	('00000000-0000-0000-0000-000000000000', 'd5ad4e8a-ef81-4479-8d54-12fd39058363', '{"action":"logout","actor_id":"7809c581-da2e-4b4d-b064-3f41dc2449c0","actor_username":"rohosen.main@gmail.com","actor_via_sso":false,"log_type":"account"}', '2024-08-24 13:26:40.248261+00', ''),
	('00000000-0000-0000-0000-000000000000', '47146fbd-0708-4a51-91b1-330edbff0660', '{"action":"login","actor_id":"7809c581-da2e-4b4d-b064-3f41dc2449c0","actor_username":"rohosen.main@gmail.com","actor_via_sso":false,"log_type":"account","traits":{"provider":"email"}}', '2024-08-24 13:27:47.087591+00', ''),
	('00000000-0000-0000-0000-000000000000', '8fe00baa-44d3-4f7c-a588-7d29ce036b52', '{"action":"login","actor_id":"7809c581-da2e-4b4d-b064-3f41dc2449c0","actor_username":"rohosen.main@gmail.com","actor_via_sso":false,"log_type":"account","traits":{"provider":"email"}}', '2024-08-24 13:28:06.811745+00', ''),
	('00000000-0000-0000-0000-000000000000', '469439f7-1c4e-4681-9a88-f6faff92b06e', '{"action":"logout","actor_id":"7809c581-da2e-4b4d-b064-3f41dc2449c0","actor_username":"rohosen.main@gmail.com","actor_via_sso":false,"log_type":"account"}', '2024-08-24 13:31:28.434429+00', ''),
	('00000000-0000-0000-0000-000000000000', '73278ef4-3735-42ee-bf40-a6db74b4765b', '{"action":"login","actor_id":"7809c581-da2e-4b4d-b064-3f41dc2449c0","actor_username":"rohosen.main@gmail.com","actor_via_sso":false,"log_type":"account","traits":{"provider":"email"}}', '2024-08-24 13:32:59.929248+00', ''),
	('00000000-0000-0000-0000-000000000000', '52bf483e-7ba6-4c10-af15-2555932279f9', '{"action":"login","actor_id":"7809c581-da2e-4b4d-b064-3f41dc2449c0","actor_name":"Rohosen Bhattacharya","actor_username":"rohosen.main@gmail.com","actor_via_sso":false,"log_type":"account","traits":{"provider":"google"}}', '2024-08-24 13:52:00.53608+00', ''),
	('00000000-0000-0000-0000-000000000000', '001bcebb-4083-46bb-b58f-a797e70264a3', '{"action":"logout","actor_id":"7809c581-da2e-4b4d-b064-3f41dc2449c0","actor_name":"Rohosen Bhattacharya","actor_username":"rohosen.main@gmail.com","actor_via_sso":false,"log_type":"account"}', '2024-08-24 13:52:48.530512+00', ''),
	('00000000-0000-0000-0000-000000000000', 'd8e0733d-47ce-4455-8894-d910ec6b7af7', '{"action":"login","actor_id":"7809c581-da2e-4b4d-b064-3f41dc2449c0","actor_name":"Rohosen Bhattacharya","actor_username":"rohosen.main@gmail.com","actor_via_sso":false,"log_type":"account","traits":{"provider":"google"}}', '2024-08-24 13:52:52.727212+00', ''),
	('00000000-0000-0000-0000-000000000000', 'f3e98455-7dc3-4bae-a260-d644117355e5', '{"action":"login","actor_id":"7809c581-da2e-4b4d-b064-3f41dc2449c0","actor_name":"Rohosen Bhattacharya","actor_username":"rohosen.main@gmail.com","actor_via_sso":false,"log_type":"account","traits":{"provider":"google"}}', '2024-08-24 13:53:23.434478+00', ''),
	('00000000-0000-0000-0000-000000000000', '85bcfaf4-37c2-4b74-95d8-d9c0c6427ca5', '{"action":"login","actor_id":"7809c581-da2e-4b4d-b064-3f41dc2449c0","actor_name":"Rohosen Bhattacharya","actor_username":"rohosen.main@gmail.com","actor_via_sso":false,"log_type":"account","traits":{"provider":"email"}}', '2024-08-24 17:23:04.382342+00', ''),
	('00000000-0000-0000-0000-000000000000', 'fe2e428c-125f-43b0-911b-9f5aa6eb2f22', '{"action":"token_refreshed","actor_id":"7809c581-da2e-4b4d-b064-3f41dc2449c0","actor_name":"Rohosen Bhattacharya","actor_username":"rohosen.main@gmail.com","actor_via_sso":false,"log_type":"token"}', '2024-08-24 18:23:35.183136+00', ''),
	('00000000-0000-0000-0000-000000000000', '7d725c73-8884-4720-9934-c2d769e211d5', '{"action":"token_revoked","actor_id":"7809c581-da2e-4b4d-b064-3f41dc2449c0","actor_name":"Rohosen Bhattacharya","actor_username":"rohosen.main@gmail.com","actor_via_sso":false,"log_type":"token"}', '2024-08-24 18:23:35.186444+00', ''),
	('00000000-0000-0000-0000-000000000000', 'eb08403a-36e0-47c2-9bd0-a32f3c2f29b1', '{"action":"token_refreshed","actor_id":"7809c581-da2e-4b4d-b064-3f41dc2449c0","actor_name":"Rohosen Bhattacharya","actor_username":"rohosen.main@gmail.com","actor_via_sso":false,"log_type":"token"}', '2024-08-24 18:23:35.214241+00', ''),
	('00000000-0000-0000-0000-000000000000', '6c6a329f-7088-4aed-8457-c54af1e790c2', '{"action":"token_refreshed","actor_id":"7809c581-da2e-4b4d-b064-3f41dc2449c0","actor_name":"Rohosen Bhattacharya","actor_username":"rohosen.main@gmail.com","actor_via_sso":false,"log_type":"token"}', '2024-08-24 19:30:09.864531+00', ''),
	('00000000-0000-0000-0000-000000000000', '1f15c02d-2cca-407d-8392-4376c27e3d7a', '{"action":"token_revoked","actor_id":"7809c581-da2e-4b4d-b064-3f41dc2449c0","actor_name":"Rohosen Bhattacharya","actor_username":"rohosen.main@gmail.com","actor_via_sso":false,"log_type":"token"}', '2024-08-24 19:30:09.86752+00', ''),
	('00000000-0000-0000-0000-000000000000', 'f1c1d269-ee71-45f7-98a1-e1805bd9e71d', '{"action":"token_refreshed","actor_id":"7809c581-da2e-4b4d-b064-3f41dc2449c0","actor_name":"Rohosen Bhattacharya","actor_username":"rohosen.main@gmail.com","actor_via_sso":false,"log_type":"token"}', '2024-08-24 20:28:45.071647+00', ''),
	('00000000-0000-0000-0000-000000000000', '2107d413-2ef6-4532-bcfd-5f69427bfa47', '{"action":"token_revoked","actor_id":"7809c581-da2e-4b4d-b064-3f41dc2449c0","actor_name":"Rohosen Bhattacharya","actor_username":"rohosen.main@gmail.com","actor_via_sso":false,"log_type":"token"}', '2024-08-24 20:28:45.076687+00', ''),
	('00000000-0000-0000-0000-000000000000', '20a2d0de-61f5-4a41-b2a1-7e94c4601bbd', '{"action":"token_refreshed","actor_id":"7809c581-da2e-4b4d-b064-3f41dc2449c0","actor_name":"Rohosen Bhattacharya","actor_username":"rohosen.main@gmail.com","actor_via_sso":false,"log_type":"token"}', '2024-08-24 21:39:10.636631+00', ''),
	('00000000-0000-0000-0000-000000000000', '7170b4a4-5b36-4557-867f-31a6dfd75ac6', '{"action":"token_revoked","actor_id":"7809c581-da2e-4b4d-b064-3f41dc2449c0","actor_name":"Rohosen Bhattacharya","actor_username":"rohosen.main@gmail.com","actor_via_sso":false,"log_type":"token"}', '2024-08-24 21:39:10.639966+00', ''),
	('00000000-0000-0000-0000-000000000000', 'd35d56e6-ffae-487e-846f-4de6f7bfe3e7', '{"action":"token_refreshed","actor_id":"7809c581-da2e-4b4d-b064-3f41dc2449c0","actor_name":"Rohosen Bhattacharya","actor_username":"rohosen.main@gmail.com","actor_via_sso":false,"log_type":"token"}', '2024-08-24 21:44:39.59206+00', ''),
	('00000000-0000-0000-0000-000000000000', '821d5ead-f9a2-4ef1-93f3-68c64ddd9c92', '{"action":"token_revoked","actor_id":"7809c581-da2e-4b4d-b064-3f41dc2449c0","actor_name":"Rohosen Bhattacharya","actor_username":"rohosen.main@gmail.com","actor_via_sso":false,"log_type":"token"}', '2024-08-24 21:44:39.593984+00', ''),
	('00000000-0000-0000-0000-000000000000', 'f8ec9d5f-e18a-455c-9243-9231f9c8e054', '{"action":"logout","actor_id":"7809c581-da2e-4b4d-b064-3f41dc2449c0","actor_name":"Rohosen Bhattacharya","actor_username":"rohosen.main@gmail.com","actor_via_sso":false,"log_type":"account"}', '2024-08-24 21:44:45.072247+00', ''),
	('00000000-0000-0000-0000-000000000000', '908fea6e-ebc5-4002-855b-8f5d05ea5f59', '{"action":"login","actor_id":"7809c581-da2e-4b4d-b064-3f41dc2449c0","actor_name":"Rohosen Bhattacharya","actor_username":"rohosen.main@gmail.com","actor_via_sso":false,"log_type":"account","traits":{"provider":"email"}}', '2024-08-24 22:12:02.474464+00', ''),
	('00000000-0000-0000-0000-000000000000', 'b66e49b8-02df-4bd7-aa93-c8488d9fc24f', '{"action":"logout","actor_id":"7809c581-da2e-4b4d-b064-3f41dc2449c0","actor_name":"Rohosen Bhattacharya","actor_username":"rohosen.main@gmail.com","actor_via_sso":false,"log_type":"account"}', '2024-08-24 22:13:41.10924+00', ''),
	('00000000-0000-0000-0000-000000000000', '1dce274e-17a3-4687-a02b-41fe7704cdae', '{"action":"login","actor_id":"7809c581-da2e-4b4d-b064-3f41dc2449c0","actor_name":"Rohosen Bhattacharya","actor_username":"rohosen.main@gmail.com","actor_via_sso":false,"log_type":"account","traits":{"provider":"email"}}', '2024-08-24 22:13:56.688095+00', ''),
	('00000000-0000-0000-0000-000000000000', '59876997-350f-4e6c-b751-f0d272fb5f40', '{"action":"logout","actor_id":"7809c581-da2e-4b4d-b064-3f41dc2449c0","actor_name":"Rohosen Bhattacharya","actor_username":"rohosen.main@gmail.com","actor_via_sso":false,"log_type":"account"}', '2024-08-24 22:14:24.24562+00', ''),
	('00000000-0000-0000-0000-000000000000', '52e8b46e-b123-4955-acca-cb4818c5bf14', '{"action":"login","actor_id":"7809c581-da2e-4b4d-b064-3f41dc2449c0","actor_name":"Rohosen Bhattacharya","actor_username":"rohosen.main@gmail.com","actor_via_sso":false,"log_type":"account","traits":{"provider":"email"}}', '2024-08-24 22:14:35.579573+00', ''),
	('00000000-0000-0000-0000-000000000000', '2b55b206-6ccb-4916-b7ef-f1a501659374', '{"action":"logout","actor_id":"7809c581-da2e-4b4d-b064-3f41dc2449c0","actor_name":"Rohosen Bhattacharya","actor_username":"rohosen.main@gmail.com","actor_via_sso":false,"log_type":"account"}', '2024-08-24 22:16:15.939448+00', ''),
	('00000000-0000-0000-0000-000000000000', 'a85c26d3-3c4e-446b-94c6-d1c323464100', '{"action":"login","actor_id":"7809c581-da2e-4b4d-b064-3f41dc2449c0","actor_name":"Rohosen Bhattacharya","actor_username":"rohosen.main@gmail.com","actor_via_sso":false,"log_type":"account","traits":{"provider":"email"}}', '2024-08-24 22:16:24.18797+00', ''),
	('00000000-0000-0000-0000-000000000000', 'c9351577-8207-4628-bc74-afbea3264a81', '{"action":"logout","actor_id":"7809c581-da2e-4b4d-b064-3f41dc2449c0","actor_name":"Rohosen Bhattacharya","actor_username":"rohosen.main@gmail.com","actor_via_sso":false,"log_type":"account"}', '2024-08-24 22:19:22.686775+00', ''),
	('00000000-0000-0000-0000-000000000000', 'c2e41d44-2d35-49b5-9b3c-07865b8bbc90', '{"action":"login","actor_id":"7809c581-da2e-4b4d-b064-3f41dc2449c0","actor_name":"Rohosen Bhattacharya","actor_username":"rohosen.main@gmail.com","actor_via_sso":false,"log_type":"account","traits":{"provider":"email"}}', '2024-08-24 22:19:32.265353+00', ''),
	('00000000-0000-0000-0000-000000000000', 'd0c7758b-396b-4432-8046-1d4b13b6d598', '{"action":"logout","actor_id":"7809c581-da2e-4b4d-b064-3f41dc2449c0","actor_name":"Rohosen Bhattacharya","actor_username":"rohosen.main@gmail.com","actor_via_sso":false,"log_type":"account"}', '2024-08-24 22:22:41.639514+00', ''),
	('00000000-0000-0000-0000-000000000000', '76fad7ff-5e98-49e7-8f37-ce45c1bfc1c6', '{"action":"login","actor_id":"7809c581-da2e-4b4d-b064-3f41dc2449c0","actor_name":"Rohosen Bhattacharya","actor_username":"rohosen.main@gmail.com","actor_via_sso":false,"log_type":"account","traits":{"provider":"email"}}', '2024-08-24 22:23:16.335236+00', ''),
	('00000000-0000-0000-0000-000000000000', '17848dfa-c774-40e7-94f1-ed1609dc08af', '{"action":"logout","actor_id":"7809c581-da2e-4b4d-b064-3f41dc2449c0","actor_name":"Rohosen Bhattacharya","actor_username":"rohosen.main@gmail.com","actor_via_sso":false,"log_type":"account"}', '2024-08-24 22:41:33.339511+00', ''),
	('00000000-0000-0000-0000-000000000000', '0c7fd2bb-a87f-401c-b45a-88810e945dbf', '{"action":"login","actor_id":"7809c581-da2e-4b4d-b064-3f41dc2449c0","actor_name":"Rohosen Bhattacharya","actor_username":"rohosen.main@gmail.com","actor_via_sso":false,"log_type":"account","traits":{"provider":"email"}}', '2024-08-24 22:42:27.560743+00', ''),
	('00000000-0000-0000-0000-000000000000', 'b1dc6cc7-85e5-4a59-af87-f6de2521f448', '{"action":"logout","actor_id":"7809c581-da2e-4b4d-b064-3f41dc2449c0","actor_name":"Rohosen Bhattacharya","actor_username":"rohosen.main@gmail.com","actor_via_sso":false,"log_type":"account"}', '2024-08-24 22:42:46.739804+00', ''),
	('00000000-0000-0000-0000-000000000000', 'd309d7fa-0387-44a5-bd08-958f1a893b12', '{"action":"login","actor_id":"7809c581-da2e-4b4d-b064-3f41dc2449c0","actor_name":"Rohosen Bhattacharya","actor_username":"rohosen.main@gmail.com","actor_via_sso":false,"log_type":"account","traits":{"provider":"email"}}', '2024-08-24 22:43:05.679988+00', ''),
	('00000000-0000-0000-0000-000000000000', '6a4cbd4b-ed06-41ca-9273-41a414c9f67d', '{"action":"login","actor_id":"7809c581-da2e-4b4d-b064-3f41dc2449c0","actor_name":"Rohosen Bhattacharya","actor_username":"rohosen.main@gmail.com","actor_via_sso":false,"log_type":"account","traits":{"provider":"google"}}', '2024-08-24 23:08:11.817315+00', ''),
	('00000000-0000-0000-0000-000000000000', '12fe7e0a-6311-494d-bfcd-a79cc9ee04d0', '{"action":"token_refreshed","actor_id":"7809c581-da2e-4b4d-b064-3f41dc2449c0","actor_name":"Rohosen Bhattacharya","actor_username":"rohosen.main@gmail.com","actor_via_sso":false,"log_type":"token"}', '2024-08-25 00:08:13.44364+00', ''),
	('00000000-0000-0000-0000-000000000000', 'e1ce13bf-2436-445b-97a1-7c1553dba572', '{"action":"token_revoked","actor_id":"7809c581-da2e-4b4d-b064-3f41dc2449c0","actor_name":"Rohosen Bhattacharya","actor_username":"rohosen.main@gmail.com","actor_via_sso":false,"log_type":"token"}', '2024-08-25 00:08:13.445443+00', ''),
	('00000000-0000-0000-0000-000000000000', '0a0214dd-2313-4cba-938c-79069ff2535e', '{"action":"logout","actor_id":"7809c581-da2e-4b4d-b064-3f41dc2449c0","actor_name":"Rohosen Bhattacharya","actor_username":"rohosen.main@gmail.com","actor_via_sso":false,"log_type":"account"}', '2024-08-25 00:08:27.667637+00', ''),
	('00000000-0000-0000-0000-000000000000', '615f6d89-8dc4-420b-89ac-7f4eb48b7ccc', '{"action":"login","actor_id":"7809c581-da2e-4b4d-b064-3f41dc2449c0","actor_name":"Rohosen Bhattacharya","actor_username":"rohosen.main@gmail.com","actor_via_sso":false,"log_type":"account","traits":{"provider":"google"}}', '2024-08-25 00:09:09.354821+00', ''),
	('00000000-0000-0000-0000-000000000000', '0797b4c7-97ea-4fd7-a5f1-7b4cb4978d67', '{"action":"logout","actor_id":"7809c581-da2e-4b4d-b064-3f41dc2449c0","actor_name":"Rohosen Bhattacharya","actor_username":"rohosen.main@gmail.com","actor_via_sso":false,"log_type":"account"}', '2024-08-25 00:10:10.770751+00', ''),
	('00000000-0000-0000-0000-000000000000', '90584c1f-6ea9-4468-92c6-cae06d3d720e', '{"action":"login","actor_id":"7809c581-da2e-4b4d-b064-3f41dc2449c0","actor_name":"Rohosen Bhattacharya","actor_username":"rohosen.main@gmail.com","actor_via_sso":false,"log_type":"account","traits":{"provider":"google"}}', '2024-08-25 00:28:26.378866+00', ''),
	('00000000-0000-0000-0000-000000000000', 'de4cb2a3-07cf-46b0-8949-05507d781319', '{"action":"token_refreshed","actor_id":"7809c581-da2e-4b4d-b064-3f41dc2449c0","actor_name":"Rohosen Bhattacharya","actor_username":"rohosen.main@gmail.com","actor_via_sso":false,"log_type":"token"}', '2024-08-25 08:59:17.898423+00', ''),
	('00000000-0000-0000-0000-000000000000', '5ddb96b9-cbdc-45d9-902d-f58666e6d06e', '{"action":"token_revoked","actor_id":"7809c581-da2e-4b4d-b064-3f41dc2449c0","actor_name":"Rohosen Bhattacharya","actor_username":"rohosen.main@gmail.com","actor_via_sso":false,"log_type":"token"}', '2024-08-25 08:59:17.907054+00', ''),
	('00000000-0000-0000-0000-000000000000', '9a29c9ce-c668-4d93-b7c5-525bbd6e35a5', '{"action":"user_confirmation_requested","actor_id":"4aee6efc-ceaa-4070-94c6-f13f85f31a5f","actor_username":"brady.alexander321@gmail.com","actor_via_sso":false,"log_type":"user","traits":{"provider":"email"}}', '2024-08-25 09:57:30.230627+00', ''),
	('00000000-0000-0000-0000-000000000000', '755757d4-5121-4bf2-8725-496aba207dbc', '{"action":"user_signedup","actor_id":"4aee6efc-ceaa-4070-94c6-f13f85f31a5f","actor_username":"brady.alexander321@gmail.com","actor_via_sso":false,"log_type":"team"}', '2024-08-25 09:57:58.765946+00', ''),
	('00000000-0000-0000-0000-000000000000', 'db293469-0290-4a18-8646-45930549f433', '{"action":"token_refreshed","actor_id":"7809c581-da2e-4b4d-b064-3f41dc2449c0","actor_name":"Rohosen Bhattacharya","actor_username":"rohosen.main@gmail.com","actor_via_sso":false,"log_type":"token"}', '2024-08-25 10:14:28.334409+00', ''),
	('00000000-0000-0000-0000-000000000000', 'dc44e1fe-415b-45ea-9109-87b4502d0c5f', '{"action":"token_revoked","actor_id":"7809c581-da2e-4b4d-b064-3f41dc2449c0","actor_name":"Rohosen Bhattacharya","actor_username":"rohosen.main@gmail.com","actor_via_sso":false,"log_type":"token"}', '2024-08-25 10:14:28.339249+00', ''),
	('00000000-0000-0000-0000-000000000000', '505e4a08-d033-4cb2-87bd-ca74f149a8f8', '{"action":"login","actor_id":"7809c581-da2e-4b4d-b064-3f41dc2449c0","actor_name":"Rohosen Bhattacharya","actor_username":"rohosen.main@gmail.com","actor_via_sso":false,"log_type":"account","traits":{"provider":"email"}}', '2024-08-25 11:03:36.068133+00', ''),
	('00000000-0000-0000-0000-000000000000', '8513bbff-e826-41a3-9e9a-318918d59581', '{"action":"token_refreshed","actor_id":"7809c581-da2e-4b4d-b064-3f41dc2449c0","actor_name":"Rohosen Bhattacharya","actor_username":"rohosen.main@gmail.com","actor_via_sso":false,"log_type":"token"}', '2024-08-25 12:05:13.56098+00', ''),
	('00000000-0000-0000-0000-000000000000', 'f4913644-6033-4e62-88b4-8de519f61b96', '{"action":"token_revoked","actor_id":"7809c581-da2e-4b4d-b064-3f41dc2449c0","actor_name":"Rohosen Bhattacharya","actor_username":"rohosen.main@gmail.com","actor_via_sso":false,"log_type":"token"}', '2024-08-25 12:05:13.562794+00', ''),
	('00000000-0000-0000-0000-000000000000', 'a0216415-3797-4c95-bd9c-078486e6409d', '{"action":"token_refreshed","actor_id":"7809c581-da2e-4b4d-b064-3f41dc2449c0","actor_name":"Rohosen Bhattacharya","actor_username":"rohosen.main@gmail.com","actor_via_sso":false,"log_type":"token"}', '2024-08-25 13:17:56.077046+00', ''),
	('00000000-0000-0000-0000-000000000000', 'c31d087b-8979-49ce-bbe9-0ff12f68130a', '{"action":"token_revoked","actor_id":"7809c581-da2e-4b4d-b064-3f41dc2449c0","actor_name":"Rohosen Bhattacharya","actor_username":"rohosen.main@gmail.com","actor_via_sso":false,"log_type":"token"}', '2024-08-25 13:17:56.080204+00', ''),
	('00000000-0000-0000-0000-000000000000', 'f1e1bdbd-2e17-456d-a825-8b3a91c2c03b', '{"action":"token_refreshed","actor_id":"7809c581-da2e-4b4d-b064-3f41dc2449c0","actor_name":"Rohosen Bhattacharya","actor_username":"rohosen.main@gmail.com","actor_via_sso":false,"log_type":"token"}', '2024-08-25 17:50:22.690926+00', ''),
	('00000000-0000-0000-0000-000000000000', '7e034ae4-3934-4f4e-b77d-26e37662f422', '{"action":"token_revoked","actor_id":"7809c581-da2e-4b4d-b064-3f41dc2449c0","actor_name":"Rohosen Bhattacharya","actor_username":"rohosen.main@gmail.com","actor_via_sso":false,"log_type":"token"}', '2024-08-25 17:50:22.693983+00', ''),
	('00000000-0000-0000-0000-000000000000', 'd4b36f8f-a82b-45ea-9c9b-24698b77b057', '{"action":"token_refreshed","actor_id":"7809c581-da2e-4b4d-b064-3f41dc2449c0","actor_name":"Rohosen Bhattacharya","actor_username":"rohosen.main@gmail.com","actor_via_sso":false,"log_type":"token"}', '2024-08-25 17:50:26.42965+00', ''),
	('00000000-0000-0000-0000-000000000000', '451fb595-fa5c-4dd9-a4e4-cdedfcaf63ef', '{"action":"token_revoked","actor_id":"7809c581-da2e-4b4d-b064-3f41dc2449c0","actor_name":"Rohosen Bhattacharya","actor_username":"rohosen.main@gmail.com","actor_via_sso":false,"log_type":"token"}', '2024-08-25 17:50:26.430281+00', ''),
	('00000000-0000-0000-0000-000000000000', '0928048c-d5e8-4253-b22c-594874ea8f57', '{"action":"token_refreshed","actor_id":"7809c581-da2e-4b4d-b064-3f41dc2449c0","actor_name":"Rohosen Bhattacharya","actor_username":"rohosen.main@gmail.com","actor_via_sso":false,"log_type":"token"}', '2024-08-25 18:52:42.931512+00', ''),
	('00000000-0000-0000-0000-000000000000', '6301ed5f-35c4-4e42-a194-bd692aa07772', '{"action":"token_revoked","actor_id":"7809c581-da2e-4b4d-b064-3f41dc2449c0","actor_name":"Rohosen Bhattacharya","actor_username":"rohosen.main@gmail.com","actor_via_sso":false,"log_type":"token"}', '2024-08-25 18:52:42.938166+00', ''),
	('00000000-0000-0000-0000-000000000000', '2b27eb92-37b2-400b-a515-85ea1c973adc', '{"action":"token_refreshed","actor_id":"7809c581-da2e-4b4d-b064-3f41dc2449c0","actor_name":"Rohosen Bhattacharya","actor_username":"rohosen.main@gmail.com","actor_via_sso":false,"log_type":"token"}', '2024-08-25 19:27:42.49349+00', ''),
	('00000000-0000-0000-0000-000000000000', 'd26f7bf8-5f64-4c49-b58a-3ae94b96f3c9', '{"action":"token_revoked","actor_id":"7809c581-da2e-4b4d-b064-3f41dc2449c0","actor_name":"Rohosen Bhattacharya","actor_username":"rohosen.main@gmail.com","actor_via_sso":false,"log_type":"token"}', '2024-08-25 19:27:42.496046+00', ''),
	('00000000-0000-0000-0000-000000000000', 'fe9a3070-a99b-41be-a751-43a24f7b8900', '{"action":"token_refreshed","actor_id":"7809c581-da2e-4b4d-b064-3f41dc2449c0","actor_name":"Rohosen Bhattacharya","actor_username":"rohosen.main@gmail.com","actor_via_sso":false,"log_type":"token"}', '2024-08-25 20:08:31.305587+00', ''),
	('00000000-0000-0000-0000-000000000000', 'c4409d5e-43b3-42d7-919d-46718da06d94', '{"action":"token_revoked","actor_id":"7809c581-da2e-4b4d-b064-3f41dc2449c0","actor_name":"Rohosen Bhattacharya","actor_username":"rohosen.main@gmail.com","actor_via_sso":false,"log_type":"token"}', '2024-08-25 20:08:31.30862+00', ''),
	('00000000-0000-0000-0000-000000000000', 'b1215fc3-e122-4441-9d48-37fda85cf8fe', '{"action":"token_refreshed","actor_id":"7809c581-da2e-4b4d-b064-3f41dc2449c0","actor_name":"Rohosen Bhattacharya","actor_username":"rohosen.main@gmail.com","actor_via_sso":false,"log_type":"token"}', '2024-08-25 22:09:38.990955+00', ''),
	('00000000-0000-0000-0000-000000000000', 'b1b7c6b2-895e-4f4e-ac6d-2741a31dc391', '{"action":"token_revoked","actor_id":"7809c581-da2e-4b4d-b064-3f41dc2449c0","actor_name":"Rohosen Bhattacharya","actor_username":"rohosen.main@gmail.com","actor_via_sso":false,"log_type":"token"}', '2024-08-25 22:09:38.994057+00', ''),
	('00000000-0000-0000-0000-000000000000', '7cb42148-82c0-410b-a1f9-6929adb7917b', '{"action":"token_refreshed","actor_id":"7809c581-da2e-4b4d-b064-3f41dc2449c0","actor_name":"Rohosen Bhattacharya","actor_username":"rohosen.main@gmail.com","actor_via_sso":false,"log_type":"token"}', '2024-08-26 09:56:07.792465+00', ''),
	('00000000-0000-0000-0000-000000000000', '9e3df496-a7c2-4fd2-bb12-20c98214b3d8', '{"action":"token_revoked","actor_id":"7809c581-da2e-4b4d-b064-3f41dc2449c0","actor_name":"Rohosen Bhattacharya","actor_username":"rohosen.main@gmail.com","actor_via_sso":false,"log_type":"token"}', '2024-08-26 09:56:07.803353+00', ''),
	('00000000-0000-0000-0000-000000000000', '343dd194-73a0-4f03-b727-670587f09efe', '{"action":"token_refreshed","actor_id":"7809c581-da2e-4b4d-b064-3f41dc2449c0","actor_name":"Rohosen Bhattacharya","actor_username":"rohosen.main@gmail.com","actor_via_sso":false,"log_type":"token"}', '2024-08-26 11:22:12.486738+00', ''),
	('00000000-0000-0000-0000-000000000000', 'fa6c3326-5dc8-4ac0-b1e7-d2c1fd9cc383', '{"action":"token_revoked","actor_id":"7809c581-da2e-4b4d-b064-3f41dc2449c0","actor_name":"Rohosen Bhattacharya","actor_username":"rohosen.main@gmail.com","actor_via_sso":false,"log_type":"token"}', '2024-08-26 11:22:12.491044+00', ''),
	('00000000-0000-0000-0000-000000000000', '3e719618-2a06-4a7d-8e2b-ad780c97f30f', '{"action":"token_refreshed","actor_id":"7809c581-da2e-4b4d-b064-3f41dc2449c0","actor_name":"Rohosen Bhattacharya","actor_username":"rohosen.main@gmail.com","actor_via_sso":false,"log_type":"token"}', '2024-08-26 19:46:29.029057+00', ''),
	('00000000-0000-0000-0000-000000000000', 'f7dda60d-b8c5-42d2-a2e5-e35f9c4c8ac0', '{"action":"token_revoked","actor_id":"7809c581-da2e-4b4d-b064-3f41dc2449c0","actor_name":"Rohosen Bhattacharya","actor_username":"rohosen.main@gmail.com","actor_via_sso":false,"log_type":"token"}', '2024-08-26 19:46:29.032275+00', ''),
	('00000000-0000-0000-0000-000000000000', 'e1363c7f-da5e-4ab9-8d4e-592d8c955057', '{"action":"token_refreshed","actor_id":"7809c581-da2e-4b4d-b064-3f41dc2449c0","actor_name":"Rohosen Bhattacharya","actor_username":"rohosen.main@gmail.com","actor_via_sso":false,"log_type":"token"}', '2024-08-26 19:49:17.274818+00', ''),
	('00000000-0000-0000-0000-000000000000', 'af907b37-503b-414b-aa37-260f99e10bbd', '{"action":"token_revoked","actor_id":"7809c581-da2e-4b4d-b064-3f41dc2449c0","actor_name":"Rohosen Bhattacharya","actor_username":"rohosen.main@gmail.com","actor_via_sso":false,"log_type":"token"}', '2024-08-26 19:49:17.276135+00', ''),
	('00000000-0000-0000-0000-000000000000', 'd68504ef-9cd6-4207-b3c9-62c8f3b96ef3', '{"action":"token_refreshed","actor_id":"7809c581-da2e-4b4d-b064-3f41dc2449c0","actor_name":"Rohosen Bhattacharya","actor_username":"rohosen.main@gmail.com","actor_via_sso":false,"log_type":"token"}', '2024-08-26 20:49:11.264503+00', ''),
	('00000000-0000-0000-0000-000000000000', '284c72e6-9a19-4929-8866-96ef2e434ef7', '{"action":"token_revoked","actor_id":"7809c581-da2e-4b4d-b064-3f41dc2449c0","actor_name":"Rohosen Bhattacharya","actor_username":"rohosen.main@gmail.com","actor_via_sso":false,"log_type":"token"}', '2024-08-26 20:49:11.266734+00', ''),
	('00000000-0000-0000-0000-000000000000', '016de4c9-4ae9-4dfe-90f3-8d85ad514585', '{"action":"token_refreshed","actor_id":"7809c581-da2e-4b4d-b064-3f41dc2449c0","actor_name":"Rohosen Bhattacharya","actor_username":"rohosen.main@gmail.com","actor_via_sso":false,"log_type":"token"}', '2024-08-27 08:03:12.428492+00', ''),
	('00000000-0000-0000-0000-000000000000', 'ffda44fd-973b-40a8-97c0-74383de11d53', '{"action":"token_revoked","actor_id":"7809c581-da2e-4b4d-b064-3f41dc2449c0","actor_name":"Rohosen Bhattacharya","actor_username":"rohosen.main@gmail.com","actor_via_sso":false,"log_type":"token"}', '2024-08-27 08:03:12.434869+00', ''),
	('00000000-0000-0000-0000-000000000000', '96390ac8-c3d4-409e-970a-f5b58cd5b0a5', '{"action":"token_refreshed","actor_id":"7809c581-da2e-4b4d-b064-3f41dc2449c0","actor_name":"Rohosen Bhattacharya","actor_username":"rohosen.main@gmail.com","actor_via_sso":false,"log_type":"token"}', '2024-08-27 13:43:39.051792+00', ''),
	('00000000-0000-0000-0000-000000000000', '9b064992-c556-43b0-981a-a94d53be8086', '{"action":"token_revoked","actor_id":"7809c581-da2e-4b4d-b064-3f41dc2449c0","actor_name":"Rohosen Bhattacharya","actor_username":"rohosen.main@gmail.com","actor_via_sso":false,"log_type":"token"}', '2024-08-27 13:43:39.059236+00', ''),
	('00000000-0000-0000-0000-000000000000', 'b440e6c4-dc40-4cf2-b7b7-659806da438d', '{"action":"login","actor_id":"4aee6efc-ceaa-4070-94c6-f13f85f31a5f","actor_username":"brady.alexander321@gmail.com","actor_via_sso":false,"log_type":"account","traits":{"provider":"email"}}', '2024-08-27 13:54:12.680934+00', ''),
	('00000000-0000-0000-0000-000000000000', '0b712d00-ee5c-4392-a154-e39d8acfbe69', '{"action":"login","actor_id":"4aee6efc-ceaa-4070-94c6-f13f85f31a5f","actor_username":"brady.alexander321@gmail.com","actor_via_sso":false,"log_type":"account","traits":{"provider":"email"}}', '2024-08-27 13:56:37.024548+00', ''),
	('00000000-0000-0000-0000-000000000000', '367060e8-7b80-409c-be1a-e1b1f8b776ca', '{"action":"token_refreshed","actor_id":"4aee6efc-ceaa-4070-94c6-f13f85f31a5f","actor_username":"brady.alexander321@gmail.com","actor_via_sso":false,"log_type":"token"}', '2024-08-27 15:44:40.844049+00', ''),
	('00000000-0000-0000-0000-000000000000', '295415e2-6a94-4d86-9097-a36ce578d197', '{"action":"token_revoked","actor_id":"4aee6efc-ceaa-4070-94c6-f13f85f31a5f","actor_username":"brady.alexander321@gmail.com","actor_via_sso":false,"log_type":"token"}', '2024-08-27 15:44:40.846383+00', ''),
	('00000000-0000-0000-0000-000000000000', 'eb8c6f88-11c0-44c7-a946-3c5c635a4f0b', '{"action":"token_refreshed","actor_id":"4aee6efc-ceaa-4070-94c6-f13f85f31a5f","actor_username":"brady.alexander321@gmail.com","actor_via_sso":false,"log_type":"token"}', '2024-08-28 13:54:25.280419+00', ''),
	('00000000-0000-0000-0000-000000000000', 'c0619cbf-7663-4e18-9fc3-e8ce14eba944', '{"action":"token_revoked","actor_id":"4aee6efc-ceaa-4070-94c6-f13f85f31a5f","actor_username":"brady.alexander321@gmail.com","actor_via_sso":false,"log_type":"token"}', '2024-08-28 13:54:25.286889+00', ''),
	('00000000-0000-0000-0000-000000000000', 'ab21b8fe-702b-43cd-96ca-5c3eb0fcf515', '{"action":"token_refreshed","actor_id":"7809c581-da2e-4b4d-b064-3f41dc2449c0","actor_name":"Rohosen Bhattacharya","actor_username":"rohosen.main@gmail.com","actor_via_sso":false,"log_type":"token"}', '2024-08-28 15:04:57.10779+00', ''),
	('00000000-0000-0000-0000-000000000000', '896b5c61-0c11-4c1f-9694-fe764d1879b7', '{"action":"token_revoked","actor_id":"7809c581-da2e-4b4d-b064-3f41dc2449c0","actor_name":"Rohosen Bhattacharya","actor_username":"rohosen.main@gmail.com","actor_via_sso":false,"log_type":"token"}', '2024-08-28 15:04:57.110075+00', ''),
	('00000000-0000-0000-0000-000000000000', 'bb76205d-57c4-400c-9b90-9cb1767e6234', '{"action":"token_refreshed","actor_id":"4aee6efc-ceaa-4070-94c6-f13f85f31a5f","actor_username":"brady.alexander321@gmail.com","actor_via_sso":false,"log_type":"token"}', '2024-08-28 16:18:40.422322+00', ''),
	('00000000-0000-0000-0000-000000000000', '7e588b1f-ff61-4479-8283-2ccae9570f37', '{"action":"token_revoked","actor_id":"4aee6efc-ceaa-4070-94c6-f13f85f31a5f","actor_username":"brady.alexander321@gmail.com","actor_via_sso":false,"log_type":"token"}', '2024-08-28 16:18:40.424823+00', ''),
	('00000000-0000-0000-0000-000000000000', '43c5cb73-5006-4d0e-8d28-140c7ca49c81', '{"action":"token_refreshed","actor_id":"7809c581-da2e-4b4d-b064-3f41dc2449c0","actor_name":"Rohosen Bhattacharya","actor_username":"rohosen.main@gmail.com","actor_via_sso":false,"log_type":"token"}', '2024-08-30 06:53:49.932425+00', ''),
	('00000000-0000-0000-0000-000000000000', '46efe599-9214-4a45-a64e-32d92f706da7', '{"action":"token_revoked","actor_id":"7809c581-da2e-4b4d-b064-3f41dc2449c0","actor_name":"Rohosen Bhattacharya","actor_username":"rohosen.main@gmail.com","actor_via_sso":false,"log_type":"token"}', '2024-08-30 06:53:49.938107+00', ''),
	('00000000-0000-0000-0000-000000000000', 'dc29a5eb-04e5-41a2-8571-e5cdbef0c8b6', '{"action":"token_refreshed","actor_id":"7809c581-da2e-4b4d-b064-3f41dc2449c0","actor_name":"Rohosen Bhattacharya","actor_username":"rohosen.main@gmail.com","actor_via_sso":false,"log_type":"token"}', '2024-08-30 07:53:43.470934+00', ''),
	('00000000-0000-0000-0000-000000000000', 'e52f7351-980f-492f-8062-fb2b537dc8f1', '{"action":"token_revoked","actor_id":"7809c581-da2e-4b4d-b064-3f41dc2449c0","actor_name":"Rohosen Bhattacharya","actor_username":"rohosen.main@gmail.com","actor_via_sso":false,"log_type":"token"}', '2024-08-30 07:53:43.473376+00', ''),
	('00000000-0000-0000-0000-000000000000', '04567b9d-68c4-46c4-8767-bf7572842b0b', '{"action":"token_refreshed","actor_id":"7809c581-da2e-4b4d-b064-3f41dc2449c0","actor_name":"Rohosen Bhattacharya","actor_username":"rohosen.main@gmail.com","actor_via_sso":false,"log_type":"token"}', '2024-08-30 10:14:47.075792+00', ''),
	('00000000-0000-0000-0000-000000000000', 'cec84576-4802-4a69-aa8a-37e1ad580a9f', '{"action":"token_revoked","actor_id":"7809c581-da2e-4b4d-b064-3f41dc2449c0","actor_name":"Rohosen Bhattacharya","actor_username":"rohosen.main@gmail.com","actor_via_sso":false,"log_type":"token"}', '2024-08-30 10:14:47.078771+00', ''),
	('00000000-0000-0000-0000-000000000000', '0cea8074-a2fe-41e3-b6fa-760bed397926', '{"action":"token_refreshed","actor_id":"7809c581-da2e-4b4d-b064-3f41dc2449c0","actor_name":"Rohosen Bhattacharya","actor_username":"rohosen.main@gmail.com","actor_via_sso":false,"log_type":"token"}', '2024-08-30 11:27:58.095934+00', ''),
	('00000000-0000-0000-0000-000000000000', '140b6976-8d5e-4e3d-b83f-5346c6b16b58', '{"action":"token_revoked","actor_id":"7809c581-da2e-4b4d-b064-3f41dc2449c0","actor_name":"Rohosen Bhattacharya","actor_username":"rohosen.main@gmail.com","actor_via_sso":false,"log_type":"token"}', '2024-08-30 11:27:58.097293+00', ''),
	('00000000-0000-0000-0000-000000000000', '11db13c5-e694-4bf5-a4a2-48c9002b6f6b', '{"action":"token_refreshed","actor_id":"7809c581-da2e-4b4d-b064-3f41dc2449c0","actor_name":"Rohosen Bhattacharya","actor_username":"rohosen.main@gmail.com","actor_via_sso":false,"log_type":"token"}', '2024-08-30 12:27:54.373252+00', ''),
	('00000000-0000-0000-0000-000000000000', '1f51a673-3561-4bf1-864f-b6cd968079be', '{"action":"token_revoked","actor_id":"7809c581-da2e-4b4d-b064-3f41dc2449c0","actor_name":"Rohosen Bhattacharya","actor_username":"rohosen.main@gmail.com","actor_via_sso":false,"log_type":"token"}', '2024-08-30 12:27:54.376097+00', ''),
	('00000000-0000-0000-0000-000000000000', '5c0de7cb-f061-4782-ade8-41c008f3b725', '{"action":"token_refreshed","actor_id":"7809c581-da2e-4b4d-b064-3f41dc2449c0","actor_name":"Rohosen Bhattacharya","actor_username":"rohosen.main@gmail.com","actor_via_sso":false,"log_type":"token"}', '2024-08-30 14:14:54.833116+00', ''),
	('00000000-0000-0000-0000-000000000000', '9b6c3fd4-c6e2-4932-a49a-f46fca0fc5b0', '{"action":"token_revoked","actor_id":"7809c581-da2e-4b4d-b064-3f41dc2449c0","actor_name":"Rohosen Bhattacharya","actor_username":"rohosen.main@gmail.com","actor_via_sso":false,"log_type":"token"}', '2024-08-30 14:14:54.835323+00', ''),
	('00000000-0000-0000-0000-000000000000', '84bc1fc9-6056-4310-9408-4f7060e8c81b', '{"action":"token_refreshed","actor_id":"7809c581-da2e-4b4d-b064-3f41dc2449c0","actor_name":"Rohosen Bhattacharya","actor_username":"rohosen.main@gmail.com","actor_via_sso":false,"log_type":"token"}', '2024-08-30 15:15:28.462648+00', ''),
	('00000000-0000-0000-0000-000000000000', '53ba6a7b-f846-4f29-bb9e-4a56cdd179e1', '{"action":"token_revoked","actor_id":"7809c581-da2e-4b4d-b064-3f41dc2449c0","actor_name":"Rohosen Bhattacharya","actor_username":"rohosen.main@gmail.com","actor_via_sso":false,"log_type":"token"}', '2024-08-30 15:15:28.466466+00', ''),
	('00000000-0000-0000-0000-000000000000', 'ae0f96ed-f4a4-4102-8d56-06411d18a0b0', '{"action":"token_refreshed","actor_id":"7809c581-da2e-4b4d-b064-3f41dc2449c0","actor_name":"Rohosen Bhattacharya","actor_username":"rohosen.main@gmail.com","actor_via_sso":false,"log_type":"token"}', '2024-08-30 17:23:12.314079+00', ''),
	('00000000-0000-0000-0000-000000000000', 'd38e020b-9912-44ee-9040-bf2c77c77cee', '{"action":"token_revoked","actor_id":"7809c581-da2e-4b4d-b064-3f41dc2449c0","actor_name":"Rohosen Bhattacharya","actor_username":"rohosen.main@gmail.com","actor_via_sso":false,"log_type":"token"}', '2024-08-30 17:23:12.317184+00', ''),
	('00000000-0000-0000-0000-000000000000', 'b9bb3902-a5ea-4fce-bb17-02c963eeb9cf', '{"action":"token_refreshed","actor_id":"7809c581-da2e-4b4d-b064-3f41dc2449c0","actor_name":"Rohosen Bhattacharya","actor_username":"rohosen.main@gmail.com","actor_via_sso":false,"log_type":"token"}', '2024-08-30 17:42:41.11397+00', ''),
	('00000000-0000-0000-0000-000000000000', '0235e2c9-d164-4cc8-858c-52511bbeded0', '{"action":"token_revoked","actor_id":"7809c581-da2e-4b4d-b064-3f41dc2449c0","actor_name":"Rohosen Bhattacharya","actor_username":"rohosen.main@gmail.com","actor_via_sso":false,"log_type":"token"}', '2024-08-30 17:42:41.116166+00', ''),
	('00000000-0000-0000-0000-000000000000', '5dc6e1d9-bed0-493e-9e01-3a43c6cfd618', '{"action":"token_refreshed","actor_id":"4aee6efc-ceaa-4070-94c6-f13f85f31a5f","actor_username":"brady.alexander321@gmail.com","actor_via_sso":false,"log_type":"token"}', '2024-08-30 18:14:23.092947+00', ''),
	('00000000-0000-0000-0000-000000000000', '8b53868b-0e65-40f6-9c1c-677827fb959a', '{"action":"token_revoked","actor_id":"4aee6efc-ceaa-4070-94c6-f13f85f31a5f","actor_username":"brady.alexander321@gmail.com","actor_via_sso":false,"log_type":"token"}', '2024-08-30 18:14:23.095481+00', ''),
	('00000000-0000-0000-0000-000000000000', 'd1de311c-9c44-4275-b579-02e69516e2ca', '{"action":"token_refreshed","actor_id":"7809c581-da2e-4b4d-b064-3f41dc2449c0","actor_name":"Rohosen Bhattacharya","actor_username":"rohosen.main@gmail.com","actor_via_sso":false,"log_type":"token"}', '2024-08-30 18:22:54.786442+00', ''),
	('00000000-0000-0000-0000-000000000000', 'aa40b2bc-16ec-471c-9e03-c2ed1796ac05', '{"action":"token_revoked","actor_id":"7809c581-da2e-4b4d-b064-3f41dc2449c0","actor_name":"Rohosen Bhattacharya","actor_username":"rohosen.main@gmail.com","actor_via_sso":false,"log_type":"token"}', '2024-08-30 18:22:54.787683+00', ''),
	('00000000-0000-0000-0000-000000000000', 'dc528b27-dbf0-4ce5-892a-3f6ef7b92dc1', '{"action":"token_refreshed","actor_id":"7809c581-da2e-4b4d-b064-3f41dc2449c0","actor_name":"Rohosen Bhattacharya","actor_username":"rohosen.main@gmail.com","actor_via_sso":false,"log_type":"token"}', '2024-08-31 07:23:06.180255+00', ''),
	('00000000-0000-0000-0000-000000000000', 'f888915e-cfe8-4d61-af8b-aa38a26f2540', '{"action":"token_revoked","actor_id":"7809c581-da2e-4b4d-b064-3f41dc2449c0","actor_name":"Rohosen Bhattacharya","actor_username":"rohosen.main@gmail.com","actor_via_sso":false,"log_type":"token"}', '2024-08-31 07:23:06.185999+00', ''),
	('00000000-0000-0000-0000-000000000000', '7b0a21a9-84d5-449e-9ca3-fe6b91a1becc', '{"action":"token_refreshed","actor_id":"7809c581-da2e-4b4d-b064-3f41dc2449c0","actor_name":"Rohosen Bhattacharya","actor_username":"rohosen.main@gmail.com","actor_via_sso":false,"log_type":"token"}', '2024-08-31 08:23:24.325398+00', ''),
	('00000000-0000-0000-0000-000000000000', '0bfc5504-b55f-4633-8d32-d20ee417c13e', '{"action":"token_revoked","actor_id":"7809c581-da2e-4b4d-b064-3f41dc2449c0","actor_name":"Rohosen Bhattacharya","actor_username":"rohosen.main@gmail.com","actor_via_sso":false,"log_type":"token"}', '2024-08-31 08:23:24.328668+00', ''),
	('00000000-0000-0000-0000-000000000000', 'cfad1d72-4054-40c2-857d-7c86f2ab36f5', '{"action":"token_refreshed","actor_id":"7809c581-da2e-4b4d-b064-3f41dc2449c0","actor_name":"Rohosen Bhattacharya","actor_username":"rohosen.main@gmail.com","actor_via_sso":false,"log_type":"token"}', '2024-08-31 08:23:24.354318+00', ''),
	('00000000-0000-0000-0000-000000000000', '7741737f-f00b-486b-b9c1-e8bdd62811b7', '{"action":"logout","actor_id":"7809c581-da2e-4b4d-b064-3f41dc2449c0","actor_name":"Rohosen Bhattacharya","actor_username":"rohosen.main@gmail.com","actor_via_sso":false,"log_type":"account"}', '2024-08-31 09:06:50.745833+00', ''),
	('00000000-0000-0000-0000-000000000000', '5bbb85f0-1704-4a75-904b-a9f7baff161d', '{"action":"login","actor_id":"7809c581-da2e-4b4d-b064-3f41dc2449c0","actor_name":"Rohosen Bhattacharya","actor_username":"rohosen.main@gmail.com","actor_via_sso":false,"log_type":"account","traits":{"provider":"google"}}', '2024-08-31 09:07:33.246645+00', ''),
	('00000000-0000-0000-0000-000000000000', '92bb95dd-c6d7-4828-afee-d5788908b602', '{"action":"token_refreshed","actor_id":"4aee6efc-ceaa-4070-94c6-f13f85f31a5f","actor_username":"brady.alexander321@gmail.com","actor_via_sso":false,"log_type":"token"}', '2024-08-31 09:08:58.157514+00', ''),
	('00000000-0000-0000-0000-000000000000', '4cb15692-e57d-45d8-b056-527b92862c4d', '{"action":"token_revoked","actor_id":"4aee6efc-ceaa-4070-94c6-f13f85f31a5f","actor_username":"brady.alexander321@gmail.com","actor_via_sso":false,"log_type":"token"}', '2024-08-31 09:08:58.158329+00', ''),
	('00000000-0000-0000-0000-000000000000', '93d848b1-dff9-4556-bf6f-fd11df09c5e0', '{"action":"logout","actor_id":"4aee6efc-ceaa-4070-94c6-f13f85f31a5f","actor_username":"brady.alexander321@gmail.com","actor_via_sso":false,"log_type":"account"}', '2024-08-31 09:13:15.653413+00', ''),
	('00000000-0000-0000-0000-000000000000', 'e5971516-72f1-42fe-8fea-c73d81c5b883', '{"action":"login","actor_id":"4aee6efc-ceaa-4070-94c6-f13f85f31a5f","actor_username":"brady.alexander321@gmail.com","actor_via_sso":false,"log_type":"account","traits":{"provider":"email"}}', '2024-08-31 09:13:28.585962+00', ''),
	('00000000-0000-0000-0000-000000000000', 'f897816d-646a-48e7-809c-c75ef1c76a65', '{"action":"login","actor_id":"7809c581-da2e-4b4d-b064-3f41dc2449c0","actor_name":"Rohosen Bhattacharya","actor_username":"rohosen.main@gmail.com","actor_via_sso":false,"log_type":"account","traits":{"provider":"email"}}', '2024-08-31 09:14:10.834903+00', ''),
	('00000000-0000-0000-0000-000000000000', '0d70b5fe-b857-428c-b1e0-be54718a1d70', '{"action":"logout","actor_id":"4aee6efc-ceaa-4070-94c6-f13f85f31a5f","actor_username":"brady.alexander321@gmail.com","actor_via_sso":false,"log_type":"account"}', '2024-08-31 09:14:48.740668+00', ''),
	('00000000-0000-0000-0000-000000000000', 'fe46c0ae-178a-42bc-a8b4-faf1af16d8b0', '{"action":"logout","actor_id":"7809c581-da2e-4b4d-b064-3f41dc2449c0","actor_name":"Rohosen Bhattacharya","actor_username":"rohosen.main@gmail.com","actor_via_sso":false,"log_type":"account"}', '2024-08-31 09:15:02.917593+00', ''),
	('00000000-0000-0000-0000-000000000000', 'e88dbdba-bd05-45e3-a399-1c8d76ac306d', '{"action":"login","actor_id":"7809c581-da2e-4b4d-b064-3f41dc2449c0","actor_name":"Rohosen Bhattacharya","actor_username":"rohosen.main@gmail.com","actor_via_sso":false,"log_type":"account","traits":{"provider":"email"}}', '2024-08-31 09:15:11.855794+00', ''),
	('00000000-0000-0000-0000-000000000000', 'f804c8a9-f956-478f-a7f9-bb2e607d5094', '{"action":"login","actor_id":"4aee6efc-ceaa-4070-94c6-f13f85f31a5f","actor_username":"brady.alexander321@gmail.com","actor_via_sso":false,"log_type":"account","traits":{"provider":"email"}}', '2024-08-31 09:43:08.862448+00', ''),
	('00000000-0000-0000-0000-000000000000', 'e3f8d8d8-bdd0-44d8-9999-2e4f11af46c6', '{"action":"login","actor_id":"ecfdc9af-2091-438f-91a3-44dde8de6558","actor_name":"Rohosen Bhattacharya","actor_username":"roho.bhattacharya@gmail.com","actor_via_sso":false,"log_type":"account","traits":{"provider":"google"}}', '2024-08-31 09:43:35.960963+00', ''),
	('00000000-0000-0000-0000-000000000000', 'a83dcdea-760e-4dd0-b2c8-6e7dbb0b4036', '{"action":"login","actor_id":"7809c581-da2e-4b4d-b064-3f41dc2449c0","actor_name":"Rohosen Bhattacharya","actor_username":"rohosen.main@gmail.com","actor_via_sso":false,"log_type":"account","traits":{"provider":"google"}}', '2024-08-31 09:47:25.61938+00', ''),
	('00000000-0000-0000-0000-000000000000', '5dd53c85-196b-4291-8b1e-cdc8a61dcd0d', '{"action":"logout","actor_id":"4aee6efc-ceaa-4070-94c6-f13f85f31a5f","actor_username":"brady.alexander321@gmail.com","actor_via_sso":false,"log_type":"account"}', '2024-08-31 09:57:56.982469+00', ''),
	('00000000-0000-0000-0000-000000000000', '329d7651-fa68-4cfc-be74-b2f5c6c27349', '{"action":"login","actor_id":"4aee6efc-ceaa-4070-94c6-f13f85f31a5f","actor_username":"brady.alexander321@gmail.com","actor_via_sso":false,"log_type":"account","traits":{"provider":"email"}}', '2024-08-31 09:58:02.224805+00', ''),
	('00000000-0000-0000-0000-000000000000', '91794555-007e-49c0-9fcb-021fd50f7416', '{"action":"logout","actor_id":"ecfdc9af-2091-438f-91a3-44dde8de6558","actor_name":"Rohosen Bhattacharya","actor_username":"roho.bhattacharya@gmail.com","actor_via_sso":false,"log_type":"account"}', '2024-08-31 09:59:03.513702+00', ''),
	('00000000-0000-0000-0000-000000000000', '8376801c-3793-4ab5-b38f-4e0dae35fccd', '{"action":"login","actor_id":"ecfdc9af-2091-438f-91a3-44dde8de6558","actor_name":"Rohosen Bhattacharya","actor_username":"roho.bhattacharya@gmail.com","actor_via_sso":false,"log_type":"account","traits":{"provider":"google"}}', '2024-08-31 09:59:07.923572+00', ''),
	('00000000-0000-0000-0000-000000000000', '8f58780a-1d07-49bd-bdbd-2c7e72e74782', '{"action":"logout","actor_id":"4aee6efc-ceaa-4070-94c6-f13f85f31a5f","actor_username":"brady.alexander321@gmail.com","actor_via_sso":false,"log_type":"account"}', '2024-08-31 10:01:06.828584+00', ''),
	('00000000-0000-0000-0000-000000000000', '7bb8400a-b233-4c7a-8fd7-6019dbe44d5e', '{"action":"login","actor_id":"4aee6efc-ceaa-4070-94c6-f13f85f31a5f","actor_username":"brady.alexander321@gmail.com","actor_via_sso":false,"log_type":"account","traits":{"provider":"email"}}', '2024-08-31 10:01:12.017518+00', ''),
	('00000000-0000-0000-0000-000000000000', 'f56888fc-b93f-4afe-ba21-20ab94e33c42', '{"action":"logout","actor_id":"ecfdc9af-2091-438f-91a3-44dde8de6558","actor_name":"Rohosen Bhattacharya","actor_username":"roho.bhattacharya@gmail.com","actor_via_sso":false,"log_type":"account"}', '2024-08-31 10:03:00.498832+00', ''),
	('00000000-0000-0000-0000-000000000000', '0a8bb43b-ccf0-4f7f-823f-3e95ff212b97', '{"action":"login","actor_id":"7809c581-da2e-4b4d-b064-3f41dc2449c0","actor_name":"Rohosen Bhattacharya","actor_username":"rohosen.main@gmail.com","actor_via_sso":false,"log_type":"account","traits":{"provider":"google"}}', '2024-08-31 10:03:03.265593+00', ''),
	('00000000-0000-0000-0000-000000000000', 'a92b435e-6f2b-4958-8edd-b6dec6d48b54', '{"action":"logout","actor_id":"7809c581-da2e-4b4d-b064-3f41dc2449c0","actor_name":"Rohosen Bhattacharya","actor_username":"rohosen.main@gmail.com","actor_via_sso":false,"log_type":"account"}', '2024-08-31 10:03:06.042813+00', ''),
	('00000000-0000-0000-0000-000000000000', 'ddfb9498-11e3-48e7-9cac-8ad0bb08b45c', '{"action":"login","actor_id":"ecfdc9af-2091-438f-91a3-44dde8de6558","actor_name":"Rohosen Bhattacharya","actor_username":"roho.bhattacharya@gmail.com","actor_via_sso":false,"log_type":"account","traits":{"provider":"google"}}', '2024-08-31 10:03:07.931976+00', ''),
	('00000000-0000-0000-0000-000000000000', '9f9eda71-3940-42a5-989a-d096f1866be5', '{"action":"token_refreshed","actor_id":"4aee6efc-ceaa-4070-94c6-f13f85f31a5f","actor_username":"brady.alexander321@gmail.com","actor_via_sso":false,"log_type":"token"}', '2024-08-31 10:59:21.759772+00', ''),
	('00000000-0000-0000-0000-000000000000', '27825c40-4710-4412-b36b-3601a16c74a6', '{"action":"token_revoked","actor_id":"4aee6efc-ceaa-4070-94c6-f13f85f31a5f","actor_username":"brady.alexander321@gmail.com","actor_via_sso":false,"log_type":"token"}', '2024-08-31 10:59:21.761518+00', ''),
	('00000000-0000-0000-0000-000000000000', '572931f6-04b9-4884-8fa2-4b8bf18ba34a', '{"action":"token_refreshed","actor_id":"ecfdc9af-2091-438f-91a3-44dde8de6558","actor_name":"Rohosen Bhattacharya","actor_username":"roho.bhattacharya@gmail.com","actor_via_sso":false,"log_type":"token"}', '2024-08-31 11:14:00.304776+00', ''),
	('00000000-0000-0000-0000-000000000000', 'e0a98ff0-2207-40ac-8532-f57456683ba6', '{"action":"token_revoked","actor_id":"ecfdc9af-2091-438f-91a3-44dde8de6558","actor_name":"Rohosen Bhattacharya","actor_username":"roho.bhattacharya@gmail.com","actor_via_sso":false,"log_type":"token"}', '2024-08-31 11:14:00.30758+00', ''),
	('00000000-0000-0000-0000-000000000000', 'b009998d-4d67-4c78-aebd-55a042d074cb', '{"action":"login","actor_id":"7809c581-da2e-4b4d-b064-3f41dc2449c0","actor_name":"Rohosen Bhattacharya","actor_username":"rohosen.main@gmail.com","actor_via_sso":false,"log_type":"account","traits":{"provider":"email"}}', '2024-08-31 11:20:40.131159+00', ''),
	('00000000-0000-0000-0000-000000000000', 'fff17c0f-9821-4a56-8eb9-cd7fb041b970', '{"action":"login","actor_id":"7809c581-da2e-4b4d-b064-3f41dc2449c0","actor_name":"Rohosen Bhattacharya","actor_username":"rohosen.main@gmail.com","actor_via_sso":false,"log_type":"account","traits":{"provider":"email"}}', '2024-08-31 11:45:34.225987+00', ''),
	('00000000-0000-0000-0000-000000000000', '6d92fa0d-4c12-44d3-a3c9-1cab3eacd0f5', '{"action":"logout","actor_id":"7809c581-da2e-4b4d-b064-3f41dc2449c0","actor_name":"Rohosen Bhattacharya","actor_username":"rohosen.main@gmail.com","actor_via_sso":false,"log_type":"account"}', '2024-08-31 11:52:12.172179+00', ''),
	('00000000-0000-0000-0000-000000000000', '3dcaaba9-ef52-44a9-826c-93204639002a', '{"action":"login","actor_id":"7809c581-da2e-4b4d-b064-3f41dc2449c0","actor_name":"Rohosen Bhattacharya","actor_username":"rohosen.main@gmail.com","actor_via_sso":false,"log_type":"account","traits":{"provider":"email"}}', '2024-08-31 11:52:24.142369+00', ''),
	('00000000-0000-0000-0000-000000000000', 'a86274d1-32ad-47e6-b76f-ab90e5206771', '{"action":"token_refreshed","actor_id":"ecfdc9af-2091-438f-91a3-44dde8de6558","actor_name":"Rohosen Bhattacharya","actor_username":"roho.bhattacharya@gmail.com","actor_via_sso":false,"log_type":"token"}', '2024-08-31 12:39:16.217737+00', ''),
	('00000000-0000-0000-0000-000000000000', 'c6dd9dd2-1ecd-4cd3-ae87-ca68b798317c', '{"action":"token_revoked","actor_id":"ecfdc9af-2091-438f-91a3-44dde8de6558","actor_name":"Rohosen Bhattacharya","actor_username":"roho.bhattacharya@gmail.com","actor_via_sso":false,"log_type":"token"}', '2024-08-31 12:39:16.220112+00', ''),
	('00000000-0000-0000-0000-000000000000', '220c7e13-48d2-438c-8669-6b133fddd4cb', '{"action":"token_refreshed","actor_id":"7809c581-da2e-4b4d-b064-3f41dc2449c0","actor_name":"Rohosen Bhattacharya","actor_username":"rohosen.main@gmail.com","actor_via_sso":false,"log_type":"token"}', '2024-08-31 13:29:45.674593+00', ''),
	('00000000-0000-0000-0000-000000000000', 'ac38336e-48ed-42e1-8c38-6aa77eec01d4', '{"action":"token_revoked","actor_id":"7809c581-da2e-4b4d-b064-3f41dc2449c0","actor_name":"Rohosen Bhattacharya","actor_username":"rohosen.main@gmail.com","actor_via_sso":false,"log_type":"token"}', '2024-08-31 13:29:45.677385+00', ''),
	('00000000-0000-0000-0000-000000000000', 'fac001d2-5d63-46dc-b531-aead1806e618', '{"action":"token_refreshed","actor_id":"7809c581-da2e-4b4d-b064-3f41dc2449c0","actor_name":"Rohosen Bhattacharya","actor_username":"rohosen.main@gmail.com","actor_via_sso":false,"log_type":"token"}', '2024-08-31 14:28:49.534265+00', ''),
	('00000000-0000-0000-0000-000000000000', '6b6699a0-0c40-4833-b6e4-9a953563b1b5', '{"action":"token_revoked","actor_id":"7809c581-da2e-4b4d-b064-3f41dc2449c0","actor_name":"Rohosen Bhattacharya","actor_username":"rohosen.main@gmail.com","actor_via_sso":false,"log_type":"token"}', '2024-08-31 14:28:49.537451+00', ''),
	('00000000-0000-0000-0000-000000000000', 'e39eee9e-4ef8-4c9c-af9e-2b728f6f90cc', '{"action":"token_refreshed","actor_id":"ecfdc9af-2091-438f-91a3-44dde8de6558","actor_name":"Rohosen Bhattacharya","actor_username":"roho.bhattacharya@gmail.com","actor_via_sso":false,"log_type":"token"}', '2024-08-31 14:40:06.585851+00', ''),
	('00000000-0000-0000-0000-000000000000', '9eaa6b5b-fb09-4be3-8b2d-93f571c716b6', '{"action":"token_revoked","actor_id":"ecfdc9af-2091-438f-91a3-44dde8de6558","actor_name":"Rohosen Bhattacharya","actor_username":"roho.bhattacharya@gmail.com","actor_via_sso":false,"log_type":"token"}', '2024-08-31 14:40:06.589162+00', ''),
	('00000000-0000-0000-0000-000000000000', 'e021a706-583e-4bb9-b2d5-01f37fd057db', '{"action":"token_refreshed","actor_id":"4aee6efc-ceaa-4070-94c6-f13f85f31a5f","actor_username":"brady.alexander321@gmail.com","actor_via_sso":false,"log_type":"token"}', '2024-09-01 10:10:53.829335+00', ''),
	('00000000-0000-0000-0000-000000000000', '82de9525-a324-478c-98ff-0653b3f9c037', '{"action":"token_revoked","actor_id":"4aee6efc-ceaa-4070-94c6-f13f85f31a5f","actor_username":"brady.alexander321@gmail.com","actor_via_sso":false,"log_type":"token"}', '2024-09-01 10:10:53.838344+00', ''),
	('00000000-0000-0000-0000-000000000000', 'b63454b3-e8fa-4215-9631-f9c9482ccd24', '{"action":"login","actor_id":"7809c581-da2e-4b4d-b064-3f41dc2449c0","actor_name":"Rohosen Bhattacharya","actor_username":"rohosen.main@gmail.com","actor_via_sso":false,"log_type":"account","traits":{"provider":"google"}}', '2024-09-03 09:20:11.092162+00', ''),
	('00000000-0000-0000-0000-000000000000', 'accef15a-5431-4bed-9adc-59ccc4f5dc4b', '{"action":"token_refreshed","actor_id":"7809c581-da2e-4b4d-b064-3f41dc2449c0","actor_name":"Rohosen Bhattacharya","actor_username":"rohosen.main@gmail.com","actor_via_sso":false,"log_type":"token"}', '2024-09-03 12:04:16.461907+00', ''),
	('00000000-0000-0000-0000-000000000000', 'c4ef0bab-5115-4560-9cd3-2aaa94b2788e', '{"action":"token_revoked","actor_id":"7809c581-da2e-4b4d-b064-3f41dc2449c0","actor_name":"Rohosen Bhattacharya","actor_username":"rohosen.main@gmail.com","actor_via_sso":false,"log_type":"token"}', '2024-09-03 12:04:16.46786+00', ''),
	('00000000-0000-0000-0000-000000000000', '5447e2f5-163b-42f1-8f9d-7193d316d7c9', '{"action":"token_refreshed","actor_id":"7809c581-da2e-4b4d-b064-3f41dc2449c0","actor_name":"Rohosen Bhattacharya","actor_username":"rohosen.main@gmail.com","actor_via_sso":false,"log_type":"token"}', '2024-09-03 13:56:00.536959+00', ''),
	('00000000-0000-0000-0000-000000000000', '4c4fea75-a9b1-4c45-b593-130245ab817a', '{"action":"token_revoked","actor_id":"7809c581-da2e-4b4d-b064-3f41dc2449c0","actor_name":"Rohosen Bhattacharya","actor_username":"rohosen.main@gmail.com","actor_via_sso":false,"log_type":"token"}', '2024-09-03 13:56:00.540282+00', '');


--
-- Data for Name: flow_state; Type: TABLE DATA; Schema: auth; Owner: supabase_auth_admin
--

INSERT INTO "auth"."flow_state" ("id", "user_id", "auth_code", "code_challenge_method", "code_challenge", "provider_type", "provider_access_token", "provider_refresh_token", "created_at", "updated_at", "authentication_method", "auth_code_issued_at") VALUES
	('dbb3a294-4072-4116-8522-fa407062d2e4', 'ecfdc9af-2091-438f-91a3-44dde8de6558', '8395c670-eeaa-439b-8d8a-77891afc222a', 's256', 'L3ug_agH7Zzwp2PocpBkFZjR8gS64yoPByUNQrKf-I0', 'email', '', '', '2024-08-15 14:00:45.191102+00', '2024-08-15 14:01:10.413056+00', 'email/signup', '2024-08-15 14:01:10.413014+00'),
	('01a8956d-137c-490c-9dea-76c577d3ad70', '7809c581-da2e-4b4d-b064-3f41dc2449c0', '8b3af352-0dde-4f7b-96d0-f9f6d806ddae', 's256', 'all44zkuwYdrJSpEQj8tYZct4dy2lMPP4EHjSyzl5dI', 'email', '', '', '2024-08-23 14:11:13.253416+00', '2024-08-23 14:17:51.651594+00', 'email/signup', '2024-08-23 14:17:51.651551+00'),
	('541d372e-65d7-485e-873a-4ce77f4f990b', '0b0c26e6-9f25-4f07-812d-b025dd8fc145', '73c74d51-2f5e-4f2b-ae84-6feb9de61bff', 's256', 'P09qU_Cc7gDn7zybYyDSwrlELTkozJvnjN2BrH9ktHU', 'email', '', '', '2024-08-24 09:54:42.53534+00', '2024-08-24 10:00:16.509548+00', 'email/signup', '2024-08-24 10:00:16.5095+00'),
	('e04a5af6-4590-473b-bb14-a97f7e4ec480', '4aee6efc-ceaa-4070-94c6-f13f85f31a5f', 'ef150187-700b-4e6f-beed-ea17ab454a7e', 's256', 'Zt5tWefaWwwce0jdATMeoZms2rLFpkr6YHCmJ-QgnZk', 'email', '', '', '2024-08-25 09:57:30.232741+00', '2024-08-25 09:57:58.775428+00', 'email/signup', '2024-08-25 09:57:58.775319+00');


--
-- Data for Name: users; Type: TABLE DATA; Schema: auth; Owner: supabase_auth_admin
--

INSERT INTO "auth"."users" ("instance_id", "id", "aud", "role", "email", "encrypted_password", "email_confirmed_at", "invited_at", "confirmation_token", "confirmation_sent_at", "recovery_token", "recovery_sent_at", "email_change_token_new", "email_change", "email_change_sent_at", "last_sign_in_at", "raw_app_meta_data", "raw_user_meta_data", "is_super_admin", "created_at", "updated_at", "phone", "phone_confirmed_at", "phone_change", "phone_change_token", "phone_change_sent_at", "email_change_token_current", "email_change_confirm_status", "banned_until", "reauthentication_token", "reauthentication_sent_at", "is_sso_user", "deleted_at", "is_anonymous") VALUES
	('00000000-0000-0000-0000-000000000000', 'ecfdc9af-2091-438f-91a3-44dde8de6558', 'authenticated', 'authenticated', 'roho.bhattacharya@gmail.com', '$2a$10$zTLLi/nGSsJwqY/WdPIgb.MbxP06XlqlHQxLhqyqGrpAMmiVBrjca', '2024-08-15 14:01:10.408376+00', NULL, '', '2024-08-15 14:00:45.198002+00', '', NULL, '', '', NULL, '2024-08-31 10:03:07.932509+00', '{"provider": "email", "providers": ["email", "google"], "store_ids": ["a6ed09f3-658a-40e2-9e10-2c7175212b64"]}', '{"iss": "https://accounts.google.com", "sub": "117717532288155521735", "name": "Rohosen Bhattacharya", "email": "roho.bhattacharya@gmail.com", "picture": "https://lh3.googleusercontent.com/a/ACg8ocK_1GRJN0n33cbqmLkz5-w3aLPUgCABU1GegJ8KbyCJyp4pzqMM=s96-c", "full_name": "Rohosen Bhattacharya", "avatar_url": "https://lh3.googleusercontent.com/a/ACg8ocK_1GRJN0n33cbqmLkz5-w3aLPUgCABU1GegJ8KbyCJyp4pzqMM=s96-c", "provider_id": "117717532288155521735", "email_verified": true, "phone_verified": false}', NULL, '2024-08-15 14:00:45.148717+00', '2024-08-31 14:40:06.592415+00', NULL, NULL, '', '', NULL, '', 0, NULL, '', NULL, false, NULL, false),
	('00000000-0000-0000-0000-000000000000', '4aee6efc-ceaa-4070-94c6-f13f85f31a5f', 'authenticated', 'authenticated', 'brady.alexander321@gmail.com', '$2a$10$3EFQIUXDQeI/ybUIdA2a9eJKp7oSdJJnoNpOR89KeKfMA28qaeZte', '2024-08-25 09:57:58.766548+00', NULL, '', '2024-08-25 09:57:30.242271+00', '', NULL, '', '', NULL, '2024-08-31 10:01:12.019805+00', '{"provider": "email", "providers": ["email"], "store_ids": ["0c1e0523-4abe-4d5a-8d7b-3377ed5a1841"]}', '{"sub": "4aee6efc-ceaa-4070-94c6-f13f85f31a5f", "email": "brady.alexander321@gmail.com", "email_verified": false, "phone_verified": false}', NULL, '2024-08-25 09:57:30.200176+00', '2024-09-01 10:10:53.854513+00', NULL, NULL, '', '', NULL, '', 0, NULL, '', NULL, false, NULL, false),
	('00000000-0000-0000-0000-000000000000', '7809c581-da2e-4b4d-b064-3f41dc2449c0', 'authenticated', 'authenticated', 'rohosen.main@gmail.com', '$2a$10$Y0C9clU6zbOK/95d9DZxAOvkKAfw2m/qZLQV5Op41PXMa4oq/B6ca', '2024-08-23 14:17:51.642829+00', NULL, '', NULL, '', NULL, '', '', NULL, '2024-09-03 09:20:11.097884+00', '{"provider": "email", "providers": ["email", "google"], "store_ids": ["41b139c8-ba26-4c70-bb33-f723d101e2d0", "c71531c9-5d12-40c6-b355-71abe0ee9b73"]}', '{"iss": "https://accounts.google.com", "sub": "113834697609076883663", "name": "Rohosen Bhattacharya", "email": "rohosen.main@gmail.com", "picture": "https://lh3.googleusercontent.com/a/ACg8ocLRPktEJ2fUD_Ahi6XvqkDK1WcMldkyhtjCuNKlB1C_mSnP9A=s96-c", "full_name": "Rohosen Bhattacharya", "avatar_url": "https://lh3.googleusercontent.com/a/ACg8ocLRPktEJ2fUD_Ahi6XvqkDK1WcMldkyhtjCuNKlB1C_mSnP9A=s96-c", "provider_id": "113834697609076883663", "email_verified": true, "phone_verified": false}', NULL, '2024-08-23 14:11:13.236546+00', '2024-09-03 13:56:00.554092+00', NULL, NULL, '', '', NULL, '', 0, NULL, '', NULL, false, NULL, false);


--
-- Data for Name: identities; Type: TABLE DATA; Schema: auth; Owner: supabase_auth_admin
--

INSERT INTO "auth"."identities" ("provider_id", "user_id", "identity_data", "provider", "last_sign_in_at", "created_at", "updated_at", "id") VALUES
	('ecfdc9af-2091-438f-91a3-44dde8de6558', 'ecfdc9af-2091-438f-91a3-44dde8de6558', '{"sub": "ecfdc9af-2091-438f-91a3-44dde8de6558", "email": "roho.bhattacharya@gmail.com", "email_verified": false, "phone_verified": false}', 'email', '2024-08-15 14:00:45.173458+00', '2024-08-15 14:00:45.173529+00', '2024-08-15 14:00:45.173529+00', 'ce7e0b72-2346-404e-9ff4-c280c93f57f8'),
	('7809c581-da2e-4b4d-b064-3f41dc2449c0', '7809c581-da2e-4b4d-b064-3f41dc2449c0', '{"sub": "7809c581-da2e-4b4d-b064-3f41dc2449c0", "email": "rohosen.main@gmail.com", "email_verified": false, "phone_verified": false}', 'email', '2024-08-23 14:11:13.248763+00', '2024-08-23 14:11:13.248839+00', '2024-08-23 14:11:13.248839+00', 'd1c76298-f3de-4ba5-bd1f-4f208b10ef88'),
	('117717532288155521735', 'ecfdc9af-2091-438f-91a3-44dde8de6558', '{"iss": "https://accounts.google.com", "sub": "117717532288155521735", "name": "Rohosen Bhattacharya", "email": "roho.bhattacharya@gmail.com", "picture": "https://lh3.googleusercontent.com/a/ACg8ocK_1GRJN0n33cbqmLkz5-w3aLPUgCABU1GegJ8KbyCJyp4pzqMM=s96-c", "full_name": "Rohosen Bhattacharya", "avatar_url": "https://lh3.googleusercontent.com/a/ACg8ocK_1GRJN0n33cbqmLkz5-w3aLPUgCABU1GegJ8KbyCJyp4pzqMM=s96-c", "provider_id": "117717532288155521735", "email_verified": true, "phone_verified": false}', 'google', '2024-08-31 09:43:35.957485+00', '2024-08-31 09:43:35.957532+00', '2024-08-31 10:03:07.929385+00', '0295ebef-30c8-4744-abf3-ca14d60fe7a2'),
	('113834697609076883663', '7809c581-da2e-4b4d-b064-3f41dc2449c0', '{"iss": "https://accounts.google.com", "sub": "113834697609076883663", "name": "Rohosen Bhattacharya", "email": "rohosen.main@gmail.com", "picture": "https://lh3.googleusercontent.com/a/ACg8ocLRPktEJ2fUD_Ahi6XvqkDK1WcMldkyhtjCuNKlB1C_mSnP9A=s96-c", "full_name": "Rohosen Bhattacharya", "avatar_url": "https://lh3.googleusercontent.com/a/ACg8ocLRPktEJ2fUD_Ahi6XvqkDK1WcMldkyhtjCuNKlB1C_mSnP9A=s96-c", "provider_id": "113834697609076883663", "email_verified": true, "phone_verified": false}', 'google', '2024-08-24 13:52:00.529657+00', '2024-08-24 13:52:00.529713+00', '2024-09-03 09:20:11.081905+00', '9cc1a170-96f9-452b-ac0c-eb3d0ad5bf6b'),
	('4aee6efc-ceaa-4070-94c6-f13f85f31a5f', '4aee6efc-ceaa-4070-94c6-f13f85f31a5f', '{"sub": "4aee6efc-ceaa-4070-94c6-f13f85f31a5f", "email": "brady.alexander321@gmail.com", "email_verified": false, "phone_verified": false}', 'email', '2024-08-25 09:57:30.224878+00', '2024-08-25 09:57:30.224964+00', '2024-08-25 09:57:30.224964+00', '5ec1b9f9-034c-4c8c-b510-90d1bf405902');


--
-- Data for Name: instances; Type: TABLE DATA; Schema: auth; Owner: supabase_auth_admin
--



--
-- Data for Name: sessions; Type: TABLE DATA; Schema: auth; Owner: supabase_auth_admin
--

INSERT INTO "auth"."sessions" ("id", "user_id", "created_at", "updated_at", "factor_id", "aal", "not_after", "refreshed_at", "user_agent", "ip", "tag") VALUES
	('e4fa9924-67ea-4aaf-8213-5adad274ec4a', 'ecfdc9af-2091-438f-91a3-44dde8de6558', '2024-08-31 10:03:07.932573+00', '2024-08-31 14:40:06.594437+00', NULL, 'aal1', NULL, '2024-08-31 14:40:06.594365', 'Mozilla/5.0 (Macintosh; Intel Mac OS X 10_15_7) AppleWebKit/537.36 (KHTML, like Gecko) Chrome/128.0.0.0 Safari/537.36', '31.205.201.152', NULL),
	('bf26c04c-04a9-4c04-9627-68db9508e360', '4aee6efc-ceaa-4070-94c6-f13f85f31a5f', '2024-08-31 10:01:12.019876+00', '2024-09-01 10:10:53.860341+00', NULL, 'aal1', NULL, '2024-09-01 10:10:53.860263', 'Mozilla/5.0 (Macintosh; Intel Mac OS X 10_15_7) AppleWebKit/537.36 (KHTML, like Gecko) Chrome/128.0.0.0 Safari/537.36', '31.205.247.88', NULL),
	('f93a4961-2ab2-4c29-bc68-3332578fe796', '7809c581-da2e-4b4d-b064-3f41dc2449c0', '2024-09-03 09:20:11.098319+00', '2024-09-03 13:56:00.556905+00', NULL, 'aal1', NULL, '2024-09-03 13:56:00.556047', 'Mozilla/5.0 (Macintosh; Intel Mac OS X 10_15_7) AppleWebKit/537.36 (KHTML, like Gecko) Chrome/128.0.0.0 Safari/537.36', '116.206.202.163', NULL),
	('29e591e1-9947-4555-89b5-aa4272e50ade', '7809c581-da2e-4b4d-b064-3f41dc2449c0', '2024-08-31 11:52:24.143086+00', '2024-08-31 14:28:49.541284+00', NULL, 'aal1', NULL, '2024-08-31 14:28:49.541213', 'Mozilla/5.0 (Macintosh; Intel Mac OS X 10_15_7) AppleWebKit/537.36 (KHTML, like Gecko) Chrome/128.0.0.0 Safari/537.36', '31.205.201.152', NULL);


--
-- Data for Name: mfa_amr_claims; Type: TABLE DATA; Schema: auth; Owner: supabase_auth_admin
--

INSERT INTO "auth"."mfa_amr_claims" ("session_id", "created_at", "updated_at", "authentication_method", "id") VALUES
	('bf26c04c-04a9-4c04-9627-68db9508e360', '2024-08-31 10:01:12.025445+00', '2024-08-31 10:01:12.025445+00', 'password', 'fca06c1d-5db0-48c8-9751-6c3fddc9cf85'),
	('e4fa9924-67ea-4aaf-8213-5adad274ec4a', '2024-08-31 10:03:07.934912+00', '2024-08-31 10:03:07.934912+00', 'oauth', '78f74b18-a953-46a9-9a2f-744ab7d21da9'),
	('29e591e1-9947-4555-89b5-aa4272e50ade', '2024-08-31 11:52:24.146843+00', '2024-08-31 11:52:24.146843+00', 'password', '9f2c59d9-1057-494a-a4b8-7625c4b81eab'),
	('f93a4961-2ab2-4c29-bc68-3332578fe796', '2024-09-03 09:20:11.12759+00', '2024-09-03 09:20:11.12759+00', 'oauth', 'cbe91ab8-9f9a-4344-9ef1-a7a023135198');


--
-- Data for Name: mfa_factors; Type: TABLE DATA; Schema: auth; Owner: supabase_auth_admin
--



--
-- Data for Name: mfa_challenges; Type: TABLE DATA; Schema: auth; Owner: supabase_auth_admin
--



--
-- Data for Name: one_time_tokens; Type: TABLE DATA; Schema: auth; Owner: supabase_auth_admin
--



--
-- Data for Name: refresh_tokens; Type: TABLE DATA; Schema: auth; Owner: supabase_auth_admin
--

INSERT INTO "auth"."refresh_tokens" ("instance_id", "id", "token", "user_id", "revoked", "created_at", "updated_at", "parent", "session_id") VALUES
	('00000000-0000-0000-0000-000000000000', 107, 'cxKcgaAuT-aICQ80-CWcVA', '4aee6efc-ceaa-4070-94c6-f13f85f31a5f', true, '2024-08-31 10:01:12.022892+00', '2024-08-31 10:59:21.762022+00', NULL, 'bf26c04c-04a9-4c04-9627-68db9508e360'),
	('00000000-0000-0000-0000-000000000000', 109, 'OAJuaEs7IgC1Pn0R3jCzfQ', 'ecfdc9af-2091-438f-91a3-44dde8de6558', true, '2024-08-31 10:03:07.933243+00', '2024-08-31 11:14:00.308136+00', NULL, 'e4fa9924-67ea-4aaf-8213-5adad274ec4a'),
	('00000000-0000-0000-0000-000000000000', 111, 'apLAuD0p9NJyyHRm-1jK1Q', 'ecfdc9af-2091-438f-91a3-44dde8de6558', true, '2024-08-31 11:14:00.310261+00', '2024-08-31 12:39:16.220722+00', 'OAJuaEs7IgC1Pn0R3jCzfQ', 'e4fa9924-67ea-4aaf-8213-5adad274ec4a'),
	('00000000-0000-0000-0000-000000000000', 114, 'qVvZnQs5EMs9VwOFPkvGDg', '7809c581-da2e-4b4d-b064-3f41dc2449c0', true, '2024-08-31 11:52:24.144434+00', '2024-08-31 13:29:45.677904+00', NULL, '29e591e1-9947-4555-89b5-aa4272e50ade'),
	('00000000-0000-0000-0000-000000000000', 116, 'CAB51jqlJ39nyaj3Y6AKAA', '7809c581-da2e-4b4d-b064-3f41dc2449c0', true, '2024-08-31 13:29:45.679394+00', '2024-08-31 14:28:49.537965+00', 'qVvZnQs5EMs9VwOFPkvGDg', '29e591e1-9947-4555-89b5-aa4272e50ade'),
	('00000000-0000-0000-0000-000000000000', 117, 'MxEawwhVtRubKE97hdqCkw', '7809c581-da2e-4b4d-b064-3f41dc2449c0', false, '2024-08-31 14:28:49.538601+00', '2024-08-31 14:28:49.538601+00', 'CAB51jqlJ39nyaj3Y6AKAA', '29e591e1-9947-4555-89b5-aa4272e50ade'),
	('00000000-0000-0000-0000-000000000000', 115, 'yhiF4ofCzD8WXmA756cI9g', 'ecfdc9af-2091-438f-91a3-44dde8de6558', true, '2024-08-31 12:39:16.222208+00', '2024-08-31 14:40:06.589694+00', 'apLAuD0p9NJyyHRm-1jK1Q', 'e4fa9924-67ea-4aaf-8213-5adad274ec4a'),
	('00000000-0000-0000-0000-000000000000', 118, 'CjthUxqfuPH_V22bGBAmpg', 'ecfdc9af-2091-438f-91a3-44dde8de6558', false, '2024-08-31 14:40:06.591334+00', '2024-08-31 14:40:06.591334+00', 'yhiF4ofCzD8WXmA756cI9g', 'e4fa9924-67ea-4aaf-8213-5adad274ec4a'),
	('00000000-0000-0000-0000-000000000000', 110, 'ZBj21RtLqWx_kcmRPO7WRw', '4aee6efc-ceaa-4070-94c6-f13f85f31a5f', true, '2024-08-31 10:59:21.763126+00', '2024-09-01 10:10:53.839295+00', 'cxKcgaAuT-aICQ80-CWcVA', 'bf26c04c-04a9-4c04-9627-68db9508e360'),
	('00000000-0000-0000-0000-000000000000', 119, 'cJkQh53yX2j4sO0TdbRzjQ', '4aee6efc-ceaa-4070-94c6-f13f85f31a5f', false, '2024-09-01 10:10:53.847387+00', '2024-09-01 10:10:53.847387+00', 'ZBj21RtLqWx_kcmRPO7WRw', 'bf26c04c-04a9-4c04-9627-68db9508e360'),
	('00000000-0000-0000-0000-000000000000', 120, 'SotUG6qMDEFncILibWsLDg', '7809c581-da2e-4b4d-b064-3f41dc2449c0', true, '2024-09-03 09:20:11.108363+00', '2024-09-03 12:04:16.470466+00', NULL, 'f93a4961-2ab2-4c29-bc68-3332578fe796'),
	('00000000-0000-0000-0000-000000000000', 121, 'l8ltHtqvAAmJrr6teVO-Rg', '7809c581-da2e-4b4d-b064-3f41dc2449c0', true, '2024-09-03 12:04:16.476754+00', '2024-09-03 13:56:00.540762+00', 'SotUG6qMDEFncILibWsLDg', 'f93a4961-2ab2-4c29-bc68-3332578fe796'),
	('00000000-0000-0000-0000-000000000000', 122, 'XtZymhM6rJX6O93glLIV3w', '7809c581-da2e-4b4d-b064-3f41dc2449c0', false, '2024-09-03 13:56:00.54769+00', '2024-09-03 13:56:00.54769+00', 'l8ltHtqvAAmJrr6teVO-Rg', 'f93a4961-2ab2-4c29-bc68-3332578fe796');


--
-- Data for Name: sso_providers; Type: TABLE DATA; Schema: auth; Owner: supabase_auth_admin
--



--
-- Data for Name: saml_providers; Type: TABLE DATA; Schema: auth; Owner: supabase_auth_admin
--



--
-- Data for Name: saml_relay_states; Type: TABLE DATA; Schema: auth; Owner: supabase_auth_admin
--



--
-- Data for Name: sso_domains; Type: TABLE DATA; Schema: auth; Owner: supabase_auth_admin
--



--
-- Data for Name: key; Type: TABLE DATA; Schema: pgsodium; Owner: supabase_admin
--



--
-- Data for Name: tbl_products; Type: TABLE DATA; Schema: public; Owner: postgres
--

INSERT INTO "public"."tbl_products" ("created_at", "image_url", "product_title", "description", "category", "product_link", "product_id", "product_metadata", "gender", "market_price", "experience") VALUES
	('2024-08-15 12:32:00.471597+00', 'https://usercontent.one/wp/www.outdoorhire.co.uk/wp-content/uploads/2020/10/rucksack-liner-exped-dry-bag-300x300.jpg?media=1719394803', 'Exped 20L Dry Bag', NULL, NULL, 'https://www.outdoorhire.co.uk/product/exped-20l-dry-bag/', '17f246dd-c6de-4167-9599-c431580a00ea', NULL, NULL, NULL, NULL),
	('2024-08-15 12:32:00.471597+00', 'https://usercontent.one/wp/www.outdoorhire.co.uk/wp-content/uploads/2022/12/sealline-blocker-compression-dry-30l-300x300.jpg?media=1719394803', 'Sealine Blocker DRY Compression Sack 30l', NULL, NULL, 'https://www.outdoorhire.co.uk/product/sealine-blocker-dry-compression-sack-30l/', 'c6f9770b-11c8-4b15-8554-630a3c2c1a14', NULL, NULL, NULL, NULL),
	('2024-08-15 12:32:00.471597+00', 'https://usercontent.one/wp/www.outdoorhire.co.uk/wp-content/uploads/2020/10/exped-dry-bags-4-pack-traditional-300x300.jpg?media=1719394803', 'Exped Dry Bags  4 Pack', NULL, NULL, 'https://www.outdoorhire.co.uk/product/exped-dry-bags-4-pack/', 'f2f53d9a-b84f-405a-a381-3ee6f372594d', NULL, NULL, NULL, NULL),
	('2024-08-15 12:32:00.471597+00', 'https://usercontent.one/wp/www.outdoorhire.co.uk/wp-content/uploads/2020/09/mountain-equipment-mens-annapurna-jacket-300x300.jpg?media=1719394803', 'Cold Weather Down Jacket  Men', NULL, NULL, 'https://www.outdoorhire.co.uk/product/cold-weather-down-jacket-mens/', '326fda84-6450-4897-a4e4-713ce5b26918', NULL, NULL, NULL, NULL),
	('2024-08-15 12:32:00.471597+00', 'https://usercontent.one/wp/www.outdoorhire.co.uk/wp-content/uploads/2020/09/mountain-equipment-down-jacket-womens-cho-oyo-300x300.jpg?media=1719394803', 'Cold Weather Down Jacket  Women', NULL, NULL, 'https://www.outdoorhire.co.uk/product/cold-weather-down-jacket-women/', 'e11f9f0f-20f5-4b76-a7d0-e63a7e5ebb1e', NULL, NULL, NULL, NULL),
	('2024-08-15 12:32:00.471597+00', 'https://usercontent.one/wp/www.outdoorhire.co.uk/wp-content/uploads/2020/09/snugpak-sasquatch-jacket-300x300.jpg?media=1719394803', 'Insulated Cold Weather Jacket  Unisex', NULL, NULL, 'https://www.outdoorhire.co.uk/product/insulated-cold-weather-jacket-unisex/', '2d298233-4b05-4197-b899-249807658ee3', NULL, NULL, NULL, NULL),
	('2024-08-15 12:32:00.471597+00', 'https://usercontent.one/wp/www.outdoorhire.co.uk/wp-content/uploads/2020/09/montane-prism-jacket-300x300.jpg?media=1719394803', 'Insulated Mid-layer Jacket  Men', NULL, NULL, 'https://www.outdoorhire.co.uk/product/insulated-mid-layer-jacket-men/', '9c375261-ac3e-4dbc-9425-6e3b3b8a4771', NULL, NULL, NULL, NULL),
	('2024-08-15 12:32:00.471597+00', 'https://usercontent.one/wp/www.outdoorhire.co.uk/wp-content/uploads/2020/11/Womensmidlayer-300x300.jpg?media=1719394803', 'Insulated Mid-layer Jacket  Women', NULL, NULL, 'https://www.outdoorhire.co.uk/product/insulated-mid-layer-jacket-women/', 'fff3f987-b692-4bf9-a05e-ca65d64dc916', NULL, NULL, NULL, NULL),
	('2024-08-15 12:32:00.471597+00', 'https://usercontent.one/wp/www.outdoorhire.co.uk/wp-content/uploads/2020/09/mens-fleece-jacket-01-300x300.jpg?media=1719394803', 'Fleece Jacket  Men', NULL, NULL, 'https://www.outdoorhire.co.uk/product/fleece-jacket-men/', '74889098-96b0-4d26-957d-aad651c84d59', NULL, NULL, NULL, NULL),
	('2024-08-15 12:32:00.471597+00', 'https://usercontent.one/wp/www.outdoorhire.co.uk/wp-content/uploads/2020/10/Silk-sleeping-bag-liner-300x300.jpg?media=1719394803', 'Silk Sleeping Bag Liner', NULL, NULL, 'https://www.outdoorhire.co.uk/product/silk-sleeping-bag-liner/', '76983e71-5bc1-49a3-9389-b2624162f51f', NULL, NULL, NULL, NULL),
	('2024-08-15 12:32:00.471597+00', 'https://usercontent.one/wp/www.outdoorhire.co.uk/wp-content/uploads/2021/02/4-season-sleeping-bag-1-300x300.jpg?media=1719394803', '4 Season Sleeping Bag', NULL, NULL, 'https://www.outdoorhire.co.uk/product/four-season-sleeping-bag/', 'dc9d42f2-6af1-4fce-9a40-aad5a6976121', NULL, NULL, NULL, NULL),
	('2024-08-15 12:32:00.471597+00', 'https://usercontent.one/wp/www.outdoorhire.co.uk/wp-content/uploads/2020/10/sleeping-bag-fleece-liner-300x300.jpg?media=1719394803', 'Fleece Sleeping Bag Liner', NULL, NULL, 'https://www.outdoorhire.co.uk/product/fleece-sleeping-bag-liner/', '692d3537-068f-44fa-8052-cb3583017c53', NULL, NULL, NULL, NULL),
	('2024-08-15 12:32:00.471597+00', 'https://usercontent.one/wp/www.outdoorhire.co.uk/wp-content/uploads/2020/10/3-season-sleeping-bag-2-300x300.jpg?media=1719394803', '3 Season Sleeping Bag', NULL, NULL, 'https://www.outdoorhire.co.uk/product/3-season-sleeping-bag/', 'c151481e-ea20-42a8-a408-2cb5f467045b', NULL, NULL, NULL, NULL),
	('2024-08-15 12:32:00.471597+00', 'https://usercontent.one/wp/www.outdoorhire.co.uk/wp-content/uploads/2020/09/4-seasons-plus-down-sleeping-bag-300x300.jpg?media=1719394803', '4 Season Plus Down Sleeping Bag', NULL, NULL, 'https://www.outdoorhire.co.uk/product/4-season-plus-down-sleeping-bag/', '4c70746a-e641-4f37-a98e-f27360e8e8a3', NULL, NULL, NULL, NULL),
	('2024-08-15 12:32:00.471597+00', 'https://usercontent.one/wp/www.outdoorhire.co.uk/wp-content/uploads/2020/08/snugpak-travelpak-lite-1-300x300.jpg?media=1719394803', 'Travelpak Lite Sleeping Bag', NULL, NULL, 'https://www.outdoorhire.co.uk/product/travelpak-lite-sleeping-bag/', 'f735bd0c-c78b-4ec2-8b22-926d0c7a3383', NULL, NULL, NULL, NULL),
	('2024-08-15 12:32:00.471597+00', 'https://usercontent.one/wp/www.outdoorhire.co.uk/wp-content/uploads/2020/10/summer-sleeping-bag-300x300.jpg?media=1719394803', 'Summer Sleeping Bag', NULL, NULL, 'https://www.outdoorhire.co.uk/product/summer-sleeping-bag/', '51ba0b29-d010-44fa-9a1f-95c0baf0dc10', '{"gender": ["unisex"], "heights": ["24", "34"]}', NULL, NULL, NULL),
	('2024-08-15 12:32:00.471597+00', 'https://usercontent.one/wp/www.outdoorhire.co.uk/wp-content/uploads/2020/08/exped-syn7-mattress-1-300x300.jpg?media=1719394803', 'Exped SynMat 7 Pump Mattress', NULL, NULL, 'https://www.outdoorhire.co.uk/product/exped-synmat-7-pump-mattress/', '74b13ddf-83d1-4bca-a5f8-fa9348877b03', '{"gender": []}', NULL, NULL, NULL),
	('2024-08-15 12:32:00.471597+00', 'https://usercontent.one/wp/www.outdoorhire.co.uk/wp-content/uploads/2020/09/thermarest-neo-air-300x300.jpg?media=1719394803', 'Thermarest Mattress', '', '', 'https://www.outdoorhire.co.uk/product/thermarest-trekker-mattress/', '5cfa1868-1088-4eac-9f22-0ec3221d03da', '{"gender": ["unisex"]}', NULL, NULL, NULL),
	('2024-08-15 12:32:00.471597+00', 'https://usercontent.one/wp/www.outdoorhire.co.uk/wp-content/uploads/2020/10/exped-airmatt-basic-1-300x300.jpg?media=1719394803', 'Exped AirMat Basic Mattress', '', '', 'https://www.outdoorhire.co.uk/product/exped-airmat-basic-mattress/', 'da04f024-73b3-46c5-9525-2ffcda60b2d6', '{"gender": []}', NULL, NULL, NULL),
	('2024-08-15 12:32:00.471597+00', 'https://usercontent.one/wp/www.outdoorhire.co.uk/wp-content/uploads/2020/10/deuter_kid_comfort_active_child_carrier-300x300.jpg?media=1719394803', 'Child Carrier Backpack', '', '', 'https://www.outdoorhire.co.uk/product/child-carrier-backpack/', '39e9a84b-8df9-43ad-9019-8210565504eb', '{"gender": []}', NULL, NULL, NULL),
	('2024-08-15 12:32:00.471597+00', 'https://usercontent.one/wp/www.outdoorhire.co.uk/wp-content/uploads/2020/08/exped-comfort-pillow-1-300x300.jpg?media=1719394803', 'Exped Comfort Camping Pillow', '', 'camping', 'https://www.outdoorhire.co.uk/product/exped-comfort-camping-pillow/', 'e3dac65a-8b72-464b-a398-152d87ddd533', '{"gender": []}', NULL, NULL, NULL),
	('2024-08-15 12:32:00.471597+00', 'https://usercontent.one/wp/www.outdoorhire.co.uk/wp-content/uploads/2020/09/montane-duffel-100-300x300.jpg?media=1719394803', '90 Litre Duffel Bag', '', 'camping', 'https://www.outdoorhire.co.uk/product/90-litre-duffel-bag/', 'fae6abac-00f3-4c94-b692-646ca479e311', '{"gender": []}', NULL, NULL, NULL),
	('2024-08-15 12:32:00.471597+00', 'https://usercontent.one/wp/www.outdoorhire.co.uk/wp-content/uploads/2020/08/Deuter32FuturaBackpack-300x300.jpg?media=1719394803', '30  35 Litre Daypack', '', '', 'https://www.outdoorhire.co.uk/product/30-35-litre-daypack/', '2e2a37c4-bff8-4cf5-96f3-0810ed1c6b51', '{"colors": ["blue"], "gender": []}', NULL, NULL, NULL),
	('2024-08-15 12:32:00.471597+00', 'https://usercontent.one/wp/www.outdoorhire.co.uk/wp-content/uploads/2020/10/vango-sherpa-65l-rucksack-300x300.jpg?media=1719394803', 'Vango Sherpa 65L Rucksack', NULL, 'skiing', 'https://www.outdoorhire.co.uk/product/vango-sherpa-rucksack/', 'aff30f4f-ee66-4bf0-945a-8b246d220882', NULL, NULL, NULL, NULL),
	('2024-08-15 12:32:00.471597+00', 'https://usercontent.one/wp/www.outdoorhire.co.uk/wp-content/uploads/2020/07/montane-venture-jacket-mens-1-300x300.jpg?media=1719394803', 'Waterproof Shell Jacket  Men', NULL, NULL, 'https://www.outdoorhire.co.uk/product/waterproof-shell-jacket-men/', '5e549f01-9760-4517-a050-c7f3926d3e6c', NULL, NULL, NULL, NULL),
	('2024-08-15 12:32:00.471597+00', 'https://usercontent.one/wp/www.outdoorhire.co.uk/wp-content/uploads/2020/11/WomensShellJacket-300x300.jpg?media=1719394803', 'Waterproof Shell Jacket  Women', NULL, NULL, 'https://www.outdoorhire.co.uk/product/waterproof-shell-jacket-women/', '4d37ae9c-fe02-4382-990f-14dec07ed5f1', NULL, NULL, NULL, NULL),
	('2024-08-15 12:32:00.471597+00', 'https://usercontent.one/wp/www.outdoorhire.co.uk/wp-content/uploads/2020/09/base-layer-tee-pink-300x300.jpg?media=1719394803', 'Base Layer T-Shirt- Women', NULL, NULL, 'https://www.outdoorhire.co.uk/product/base-layer-t-shirt-women/', 'c68cf0f9-84d4-4074-bace-31ef5a8aa265', NULL, NULL, NULL, NULL),
	('2024-08-15 12:32:00.471597+00', 'https://usercontent.one/wp/www.outdoorhire.co.uk/wp-content/uploads/2020/09/5SeasonDownSleepingBag-300x300.jpg?media=1719394803', '5 Season Down Sleeping Bag', NULL, NULL, 'https://www.outdoorhire.co.uk/product/5-season-down-sleeping-bag/', 'de4c4d02-f8fe-4799-b0b0-a4e8aed21759', NULL, NULL, NULL, NULL),
	('2024-08-20 13:38:24.572784+00', 'https://cdn.media.amplience.net/s/k2skis/volkl_2425_racetiger-gs_V2410002?w=340&fmt=webp&fmt.interlaced=true&bg=white&qlt=100&protocol=https', 'Vlkl Racetiger Gs Skis 2025', NULL, NULL, 'https://volkl.com/en-gb/p/racetiger-gs-skis-2025', '5f2cf851-a67e-4585-974e-7b40dd6782ae', NULL, NULL, NULL, NULL),
	('2024-08-20 13:38:24.572784+00', 'https://cdn.media.amplience.net/s/k2skis/volkl_2425_peregrine-72_blue-red_V2410025?w=340&fmt=webp&fmt.interlaced=true&bg=white&qlt=100&protocol=https', 'Vlkl Peregrine 72 Blue Red Skis 2025', NULL, NULL, 'https://volkl.com/en-gb/p/peregrine-72-blue-red-skis-2025', '1f5fb093-4c07-4df4-b198-1724cbff402e', NULL, NULL, NULL, NULL),
	('2024-08-20 13:38:24.572784+00', 'https://cdn.media.amplience.net/s/k2skis/volkl_2425_peregrine-80_V2410042?w=340&fmt=webp&fmt.interlaced=true&bg=white&qlt=100&protocol=https', 'Vlkl Peregrine 80 Skis 2025', NULL, NULL, 'https://volkl.com/en-gb/p/peregrine-80-skis-2025', '4d13e8f9-a38f-42c4-a2e3-413233933e21', NULL, NULL, NULL, NULL),
	('2024-08-20 13:38:24.572784+00', 'https://cdn.media.amplience.net/s/k2skis/volkl_2425_peregrine-79_V2410043?w=340&fmt=webp&fmt.interlaced=true&bg=white&qlt=100&protocol=https', 'Vlkl Peregrine 79 Skis 2025', NULL, NULL, 'https://volkl.com/en-gb/p/peregrine-79-skis-2025', '1de3afb2-878a-41a3-b556-6204fb957cf0', NULL, NULL, NULL, NULL),
	('2024-08-20 13:38:24.572784+00', 'https://cdn.media.amplience.net/s/k2skis/volkl_2425_mantra-102_V2410111?w=340&fmt=webp&fmt.interlaced=true&bg=white&qlt=100&protocol=https', 'Vlkl Mantra 102 Skis 2025', NULL, NULL, 'https://volkl.com/en-gb/p/mantra-102-skis-2025', 'e9da0d46-9f06-4362-b8fb-7c9b64609158', NULL, NULL, NULL, NULL),
	('2024-08-20 13:38:24.572784+00', 'https://cdn.media.amplience.net/s/k2skis/volkl_2425_m7-mantra_V2410112?w=340&fmt=webp&fmt.interlaced=true&bg=white&qlt=100&protocol=https', 'Vlkl M7 Mantra Skis 2025', NULL, NULL, 'https://volkl.com/en-gb/p/m7-mantra-skis-2025', '68dc1e13-d918-489a-aaa6-39eb00fc952e', NULL, NULL, NULL, NULL),
	('2024-08-20 13:38:24.572784+00', 'https://cdn.media.amplience.net/s/k2skis/volkl_2425_blaze-114_V2410131?w=340&fmt=webp&fmt.interlaced=true&bg=white&qlt=100&protocol=https', 'Vlkl Blaze 114 Skis 2025', NULL, NULL, 'https://volkl.com/en-gb/p/blaze-114-skis-2025', '42ddae2a-3bac-4deb-8970-8c83480ae5a5', NULL, NULL, NULL, NULL),
	('2024-08-20 13:38:24.572784+00', 'https://cdn.media.amplience.net/s/k2skis/volkl_2425_blaze-104_V2410132?w=340&fmt=webp&fmt.interlaced=true&bg=white&qlt=100&protocol=https', 'Vlkl Blaze 104 Grey/Orange Skis 2025', NULL, NULL, 'https://volkl.com/en-gb/p/blaze-104-grey-orange-skis-2025', 'f0139a7a-c5ab-4ceb-9fd3-826f120bab04', NULL, NULL, NULL, NULL),
	('2024-08-20 13:38:24.572784+00', 'https://cdn.media.amplience.net/s/k2skis/volkl_2425_blaze-104-w_V2410133?w=340&fmt=webp&fmt.interlaced=true&bg=white&qlt=100&protocol=https', 'Vlkl Blaze 104 Blue/Pink Skis 2025', NULL, NULL, 'https://volkl.com/en-gb/p/blaze-104-blue-pink-skis-2425', 'd64a8745-231b-4c42-a8df-ef66bb28f640', NULL, NULL, NULL, NULL),
	('2024-08-20 13:38:24.572784+00', 'https://cdn.media.amplience.net/s/k2skis/volkl_2425_blaze-94_V2410134?w=340&fmt=webp&fmt.interlaced=true&bg=white&qlt=100&protocol=https', 'Vlkl Blaze 94 Grey/Red Skis 2025', NULL, NULL, 'https://volkl.com/en-gb/p/blaze-94-grey-red-skis-2025', '26d22889-13b8-44cc-ab72-5b7fd1931d0b', NULL, NULL, NULL, NULL),
	('2024-08-20 13:38:24.572784+00', 'https://cdn.media.amplience.net/s/k2skis/volkl_2425_blaze-94-w_V2410135?w=340&fmt=webp&fmt.interlaced=true&bg=white&qlt=100&protocol=https', 'Vlkl Blaze 94 Purple Rose Skis 2025', NULL, NULL, 'https://volkl.com/en-gb/p/blaze-94-purple-rose-skis-2025', 'd8177b43-44da-4c3e-94d1-7ff959cabc2b', NULL, NULL, NULL, NULL),
	('2024-08-20 13:38:24.572784+00', 'https://cdn.media.amplience.net/s/k2skis/volkl_2425_racetiger-sc_black_V2410007?w=340&fmt=webp&fmt.interlaced=true&bg=white&qlt=100&protocol=https', 'Vlkl Racetiger SC Black Skis 2025', NULL, 'skiing', 'https://volkl.com/en-gb/p/racetiger-sc-black-skis-2025', '7a8cfb19-a26f-440c-9c2b-f0eb579ac681', NULL, NULL, NULL, NULL),
	('2024-08-20 13:38:24.572784+00', 'https://cdn.media.amplience.net/s/k2skis/volkl_2425_peregrine-76_V2410022?w=340&fmt=webp&fmt.interlaced=true&bg=white&qlt=100&protocol=https', 'Vlkl Peregrine 76 Skis 2025', NULL, 'skiing', 'https://volkl.com/en-gb/p/peregrine-76-skis-2025', '85cd3952-4b38-4509-b6c4-9448d87ca7e8', NULL, NULL, NULL, NULL),
	('2024-08-20 13:38:24.572784+00', 'https://cdn.media.amplience.net/s/k2skis/volkl_2425_blaze-82_teal_vmotion_V2410143_set-2?w=340&fmt=webp&fmt.interlaced=true&bg=white&qlt=100&protocol=https', 'Vlkl Blaze 82 Teal Vmotion Skis 2025', NULL, 'skiing', 'https://volkl.com/en-gb/p/blaze-82-teal-vmotion-skis-2025', '8a91d57d-4bed-4dbe-ae81-2c9a1f2f7350', NULL, NULL, NULL, NULL),
	('2024-08-20 13:38:24.572784+00', 'https://cdn.media.amplience.net/s/k2skis/volkl_2425_katana-v-werks_V2410100?w=340&fmt=webp&fmt.interlaced=true&bg=white&qlt=100&protocol=https', 'Vlkl Katana V-Werks Skis 2025', NULL, 'skiing', 'https://volkl.com/en-gb/p/katana-v-werks-skis-2025', '8eeb10db-a106-47a8-a666-58970da51fc1', NULL, NULL, NULL, NULL),
	('2024-08-20 13:38:24.572784+00', 'https://cdn.media.amplience.net/s/k2skis/volkl_2425_mantra-108_V2410110?w=340&fmt=webp&fmt.interlaced=true&bg=white&qlt=100&protocol=https', 'Vlkl Mantra 108 Skis 2025', NULL, 'skiing', 'https://volkl.com/en-gb/p/mantra-108-skis-2025', '9e79af58-d721-4f6b-a0f0-7b8d244322cd', NULL, NULL, NULL, NULL),
	('2024-08-20 13:38:24.572784+00', 'https://cdn.media.amplience.net/s/k2skis/volkl_2425_mantra-88_V2410113?w=340&fmt=webp&fmt.interlaced=true&bg=white&qlt=100&protocol=https', 'Vlkl Mantra 88 Skis 2025', NULL, 'skiing', 'https://volkl.com/en-gb/p/mantra-88-skis-2025', 'a3afd650-7f18-4066-bde1-5e4d082bc3c1', NULL, NULL, NULL, NULL),
	('2024-08-20 13:38:24.572784+00', 'https://cdn.media.amplience.net/s/k2skis/volkl_2425_racetiger-sl_V2410004?w=340&fmt=webp&fmt.interlaced=true&bg=white&qlt=100&protocol=https', 'Vlkl Racetiger Sl Skis 2025', NULL, 'skiing', 'https://volkl.com/en-gb/p/racetiger-sl-skis-2025', 'a3bceec2-8bf0-42fe-987a-29643cb0047b', NULL, NULL, NULL, NULL),
	('2024-08-20 13:38:24.572784+00', 'https://cdn.media.amplience.net/s/k2skis/volkl_2425_peregrine-82_V2410041?w=340&fmt=webp&fmt.interlaced=true&bg=white&qlt=100&protocol=https', 'Vlkl Peregrine 82 Skis 2025', NULL, 'skiing', 'https://volkl.com/en-gb/p/peregrine-82-skis-2025', 'aca4f21c-b4cd-430d-bd46-864aca58390d', NULL, NULL, NULL, NULL),
	('2024-08-20 13:38:24.572784+00', 'https://cdn.media.amplience.net/s/k2skis/volkl_2425_racetiger-rc_black_V2410005_set?w=340&fmt=webp&fmt.interlaced=true&bg=white&qlt=100&protocol=https', 'Vlkl Racetiger Rc Black Skis 2025', NULL, 'skiing', 'https://volkl.com/en-gb/p/racetiger-rc-black-skis-2025', 'b075e022-8dde-42c0-8180-c144aea00705', NULL, NULL, NULL, NULL),
	('2024-08-20 13:38:24.572784+00', 'https://cdn.media.amplience.net/s/k2skis/volkl_2425_blaze-82_beige_vmotion_V2410142_set?w=340&fmt=webp&fmt.interlaced=true&bg=white&qlt=100&protocol=https', 'Vlkl Blaze 82 Beige Vmotion Skis 2025', NULL, 'skiing', 'https://volkl.com/en-gb/p/blaze-82-beige-vmotion-skis-2025', 'bb0eb66a-3dc8-4b95-8e6a-3dd01820ca93', NULL, NULL, NULL, NULL),
	('2024-08-20 13:38:24.572784+00', 'https://cdn.media.amplience.net/s/k2skis/volkl_2425_peregrine-v-werks_V2410040?w=340&fmt=webp&fmt.interlaced=true&bg=white&qlt=100&protocol=https', 'Vlkl Peregrine V-Werks Skis 2025', NULL, 'skiing', 'https://volkl.com/en-gb/p/peregrine-v-werks-skis-2025', 'bf5b18e0-2559-44e2-90d7-2281dd0cb14b', NULL, NULL, NULL, NULL),
	('2024-08-20 13:38:24.572784+00', 'https://cdn.media.amplience.net/s/k2skis/volkl_2425_blaze-86_V2410136?w=340&fmt=webp&fmt.interlaced=true&bg=white&qlt=100&protocol=https', 'Vlkl Blaze 86 Olive Skis 2025', NULL, NULL, 'https://volkl.com/en-gb/p/blaze-86-olive-skis-2025', 'dd80dc11-64bf-4db8-928a-04d9366aa589', NULL, NULL, NULL, NULL),
	('2024-08-20 13:38:24.572784+00', 'https://cdn.media.amplience.net/s/k2skis/volkl_2425_blaze-86-w_V2410137?w=340&fmt=webp&fmt.interlaced=true&bg=white&qlt=100&protocol=https', 'Vlkl Blaze 86 Mint Green Skis 2025', NULL, NULL, 'https://volkl.com/en-gb/p/blaze-86-mint-green-skis-2025', '79962c27-ac59-4bca-9a9f-6aa5c672d1eb', NULL, NULL, NULL, NULL),
	('2024-08-20 13:38:24.572784+00', 'https://cdn.media.amplience.net/s/k2skis/volkl_2425_blaze-86-vmotion_olive_V2410138_set?w=340&fmt=webp&fmt.interlaced=true&bg=white&qlt=100&protocol=https', 'Vlkl Blaze 86 Olive Vmotion Skis 2025', NULL, NULL, 'https://volkl.com/en-gb/p/blaze-86-olive-vmotion-skis-2025', '5c2cc0f4-9afa-430f-9bf2-aeed32372e2e', NULL, NULL, NULL, NULL),
	('2024-08-20 13:38:24.572784+00', 'https://cdn.media.amplience.net/s/k2skis/volkl_2425_blaze-86-vmotion_mint_V2410139_set?w=340&fmt=webp&fmt.interlaced=true&bg=white&qlt=100&protocol=https', 'Vlkl Blaze 86 Mint Green Vmotion Skis 2025', NULL, NULL, 'https://volkl.com/en-gb/p/blaze-86-mint-green-vmotion-skis-2025', '446d857a-bd24-45e5-bf25-b4380a031467', NULL, NULL, NULL, NULL),
	('2024-08-20 13:38:24.572784+00', 'https://cdn.media.amplience.net/s/k2skis/volkl_2425_rise-beyond-96_122370?w=340&fmt=webp&fmt.interlaced=true&bg=white&qlt=100&protocol=https', 'Vlkl Rise Beyond 96 Skis 2025', NULL, NULL, 'https://volkl.com/en-gb/p/rise-beyond-96-skis-2025', '597e43d7-f973-429d-b5b5-f01a86ca6671', NULL, NULL, NULL, NULL),
	('2024-08-20 13:38:24.572784+00', 'https://cdn.media.amplience.net/s/k2skis/volkl_2425_rise-above-88_122374?w=340&fmt=webp&fmt.interlaced=true&bg=white&qlt=100&protocol=https', 'Vlkl Rise Above 88 Skis 2025', NULL, NULL, 'https://volkl.com/en-gb/p/rise-above-88-2025', '7152f56a-360c-41a7-aa9f-87f66f3c41e9', NULL, NULL, NULL, NULL),
	('2024-08-20 13:38:24.572784+00', 'https://cdn.media.amplience.net/s/k2skis/volkl_2425_revolt-121_V2410150?w=340&fmt=webp&fmt.interlaced=true&bg=white&qlt=100&protocol=https', 'Vlkl Revolt 121 Skis 2025', NULL, NULL, 'https://volkl.com/en-gb/p/revolt-121-skis-2025', 'fbe9ba19-097a-409f-8bc3-ebf6399d43da', NULL, NULL, NULL, NULL),
	('2024-08-15 12:32:00.471597+00', 'https://usercontent.one/wp/www.outdoorhire.co.uk/wp-content/uploads/2020/09/womens-fleece-jacket-300x300.jpg?media=1719394803', 'Fleece Jacket  Women', NULL, NULL, 'https://www.outdoorhire.co.uk/product/fleece-jacket-women/', 'd2fa8b1a-93da-43be-9331-52b112392efa', '{"gender": ["female"]}', NULL, NULL, NULL),
	('2024-08-15 12:32:00.471597+00', 'https://usercontent.one/wp/www.outdoorhire.co.uk/wp-content/uploads/2020/09/base-layer-tee-green-300x300.jpg?media=1719394803', 'Base Layer T-Shirt  Men', 'Just a tshirt', '', 'https://www.outdoorhire.co.uk/product/base-layer-t-shirt-men/', '05b1d5cb-3c88-48b7-975f-d7f7ee1d9823', '{"gender": ["male"]}', NULL, NULL, NULL),
	('2024-08-20 13:38:24.572784+00', 'https://cdn.media.amplience.net/s/k2skis/volkl_2425_rise-above-88-w_122376?w=340&fmt=webp&fmt.interlaced=true&bg=white&qlt=100&protocol=https', 'Vlkl Rise Above 88 W Skis 2025', '', 'skiing', 'https://volkl.com/en-gb/p/rise-above-88-w-2025', '147a2d29-59f5-4882-bf12-e3b386142cbb', '{"gender": ["unisex"]}', NULL, NULL, NULL),
	('2024-08-25 10:14:24.151378+00', 'https://cdn.media.amplience.net/s/k2/k2snow_2425_alchemist_KB240299?w=340&fmt=webp&fmt.interlaced=true&bg=white&qlt=100&protocol=https', 'K2 Alchemist Men''s Snowboard 2025', NULL, 'snowboarding', 'https://k2snow.com/en-gb/p/alchemist-mens-snowboard-2025', '3e3aa9b0-dc6f-4d43-b9cc-175aabe75c80', NULL, NULL, NULL, NULL),
	('2024-08-25 10:14:24.151378+00', 'https://cdn.media.amplience.net/s/k2/k2snow_2425_excavator_KB240302?w=340&fmt=webp&fmt.interlaced=true&bg=white&qlt=100&protocol=https', 'K2 Excavator Unisex Snowboard 2025', NULL, 'snowboarding', 'https://k2snow.com/en-gb/p/excavator-unisex-snowboard-2425', '34ba8bd6-678c-424f-b60a-e442eab86513', NULL, NULL, NULL, NULL),
	('2024-08-25 10:14:24.151378+00', 'https://cdn.media.amplience.net/s/k2/k2snow_2425_manifest_KB240304?w=340&fmt=webp&fmt.interlaced=true&bg=white&qlt=100&protocol=https', 'K2 Manifest Unisex Snowboard 2025', NULL, 'snowboarding', 'https://k2snow.com/en-gb/p/manifest-unisex-snowboard-2025', 'fa668b18-45e3-4c68-a7dc-b9fda5a6793a', NULL, NULL, NULL, NULL),
	('2024-08-25 10:14:24.151378+00', 'https://cdn.media.amplience.net/s/k2/k2snow_2425_instrument_KB240306?w=340&fmt=webp&fmt.interlaced=true&bg=white&qlt=100&protocol=https', 'K2 Instrument Men''s Snowboard 2025', NULL, 'snowboarding', 'https://k2snow.com/en-gb/p/instrument-mens-snowboard-2025', '58345296-c2f4-4386-b0c9-e26494309908', NULL, NULL, NULL, NULL),
	('2024-08-25 10:14:24.151378+00', 'https://cdn.media.amplience.net/s/k2/k2snow_2425_passport_KB240307?w=340&fmt=webp&fmt.interlaced=true&bg=white&qlt=100&protocol=https', 'K2 Passport Unisex Snowboard 2025', NULL, 'snowboarding', 'https://k2snow.com/en-gb/p/passport-unisex-snowboard-2025', 'fa70397e-d875-41f2-9f2c-f7383593f697', NULL, NULL, NULL, NULL),
	('2024-08-25 10:14:24.151378+00', 'https://cdn.media.amplience.net/s/k2/k2snow_2425_extravision_KB240402?w=340&fmt=webp&fmt.interlaced=true&bg=white&qlt=100&protocol=https', 'K2 Extravision Women''s Snowboard 2025', NULL, 'snowboarding', 'https://k2snow.com/en-gb/p/extravision-womens-snowboard-2025', 'f50d0b99-738d-44c9-b83e-f841bd2a7a87', NULL, NULL, NULL, NULL),
	('2024-08-25 10:14:24.151378+00', 'https://cdn.media.amplience.net/s/k2/k2snow_2425_dreamsicle_KB240316?w=340&fmt=webp&fmt.interlaced=true&bg=white&qlt=100&protocol=https', 'K2 Dreamsicle Women''s Snowboard 2025', NULL, 'snowboarding', 'https://k2snow.com/en-gb/p/dreamsicle-womens-snowboard-2025', 'e36d4c25-d9fa-419f-822a-3a854c436296', NULL, NULL, NULL, NULL),
	('2024-08-25 10:14:24.151378+00', 'https://cdn.media.amplience.net/s/k2/k2snow_2425_first-lite_KB240318?w=340&fmt=webp&fmt.interlaced=true&bg=white&qlt=100&protocol=https', 'K2 First Lite Women''s Snowboards 2025', NULL, 'snowboarding', 'https://k2snow.com/en-gb/p/first-lite-womens-snowboard-2025', 'ae1f03a4-80f7-430f-aaf4-b349b835ec35', NULL, NULL, NULL, NULL),
	('2024-08-15 12:32:00.471597+00', 'https://usercontent.one/wp/www.outdoorhire.co.uk/wp-content/uploads/2020/08/mosquito-net-lifesystems-solonet-1-300x300.jpg?media=1719394803', 'Mosquito Net', '', '', 'https://www.outdoorhire.co.uk/product/mosquito-net/', '33b00343-feff-43a2-bdbe-b6e56f112335', '{"colors": ["white"], "gender": ["unisex"]}', NULL, NULL, NULL),
	('2024-08-25 10:14:24.151378+00', 'https://cdn.media.amplience.net/s/k2/k2snow_2425_almanac_KB240400?w=340&fmt=webp&fmt.interlaced=true&bg=white&qlt=100&protocol=https', 'K2 Almanac Unisex Snowboard 2025', NULL, 'snowboarding', 'https://k2snow.com/en-gb/p/almanac-unisex-snowboard-2025', '4a7d3dce-1274-4f4c-ad4e-f9b7a187ce02', NULL, NULL, NULL, NULL),
	('2024-08-25 10:14:24.151378+00', 'https://cdn.media.amplience.net/s/k2/k2snow_2425_embassy_KB240401?w=340&fmt=webp&fmt.interlaced=true&bg=white&qlt=100&protocol=https', 'K2 Embassy Men''s Snowboard 2025', NULL, 'snowboarding', 'https://k2snow.com/en-gb/p/embassy-mens-snowboard-2025', '60c0ad5d-afab-4ff6-8b16-743679ef80e9', NULL, NULL, NULL, NULL),
	('2024-08-25 10:14:24.151378+00', 'https://cdn.media.amplience.net/s/k2/k2snow_2425_gateway-pop_KB240311?w=340&fmt=webp&fmt.interlaced=true&bg=white&qlt=100&protocol=https', 'K2 Gateway Pop Men''s Snowboard 2025', NULL, 'snowboarding', 'https://k2snow.com/en-gb/p/gateway-pop-mens-snowboard-2025', 'b66773dc-884a-4780-8743-260627dcb350', NULL, NULL, NULL, NULL),
	('2024-08-25 10:14:24.151378+00', 'https://cdn.media.amplience.net/s/k2/k2snow_2425_gateway_KB240310?w=340&fmt=webp&fmt.interlaced=true&bg=white&qlt=100&protocol=https', 'K2 Gateway Men''s Snowboard 2025', NULL, 'snowboarding', 'https://k2snow.com/en-gb/p/gateway-mens-snowboard-2025', '59f72b02-b3b5-4543-b6e5-186c9e1906e3', NULL, NULL, NULL, NULL),
	('2024-08-25 10:14:24.151378+00', 'https://cdn.media.amplience.net/s/k2/k2snow_2425_standard_KB240314?w=340&fmt=webp&fmt.interlaced=true&bg=white&qlt=100&protocol=https', 'K2 Standard Men''s Snowboard 2025', NULL, 'snowboarding', 'https://k2snow.com/en-gb/p/standard-mens-snowboard-2025', 'ecd49b30-559c-464b-b0b4-6cf770f04bc8', NULL, NULL, NULL, NULL),
	('2024-08-25 10:14:24.151378+00', 'https://cdn.media.amplience.net/s/k2/k2snow_2425_spellcaster_KB240315?w=340&fmt=webp&fmt.interlaced=true&bg=white&qlt=100&protocol=https', 'K2 Spellcaster Women''s Snowboard 2025', NULL, 'snowboarding', 'https://k2snow.com/en-gb/p/spellcaster-womens-snowboard-2025', '94cfb295-2b08-4d65-a5bd-24f42266812d', NULL, NULL, NULL, NULL),
	('2024-08-25 10:14:24.151378+00', 'https://cdn.media.amplience.net/s/k2/k2snow_2425_lime-lite_KB240317?w=340&fmt=webp&fmt.interlaced=true&bg=white&qlt=100&protocol=https', 'K2 Lime Lite Women''s Snowboard 2025', NULL, 'snowboarding', 'https://k2snow.com/en-gb/p/lime-lite-womens-snowboard-2025', '284c6942-eea7-4415-a4f0-05350ec409f4', NULL, NULL, NULL, NULL),
	('2024-08-25 10:14:24.151378+00', 'https://cdn.media.amplience.net/s/k2/k2snow_2425_hypnotist_KB240305?w=340&fmt=webp&fmt.interlaced=true&bg=white&qlt=100&protocol=https', 'K2 Hypnotist Men''s Snowboard 2025', NULL, 'snowboarding', 'https://k2snow.com/en-gb/p/hypnotist-mens-snowboard-2025', '0129f3f9-156f-46c9-a6a7-746ccd2c7ffc', NULL, NULL, NULL, NULL),
	('2024-08-25 10:14:24.151378+00', 'https://cdn.media.amplience.net/s/k2/k2snow_2425_medium_KB240308?w=340&fmt=webp&fmt.interlaced=true&bg=white&qlt=100&protocol=https', 'K2 Medium Unisex Snowboard 2025', NULL, 'snowboarding', 'https://k2snow.com/en-gb/p/medium-unisex-snowboard-2025', 'ca163e22-b36e-46f1-9a69-9d94c9d3d83b', NULL, NULL, NULL, NULL),
	('2024-08-25 10:14:24.151378+00', 'https://cdn.media.amplience.net/s/k2/k2snow_2425_afterblack_KB240309?w=340&fmt=webp&fmt.interlaced=true&bg=white&qlt=100&protocol=https', 'K2 Afterblack Men''s Snowboard 2025', NULL, 'snowboarding', 'https://k2snow.com/en-gb/p/afterblack-mens-snowboard-2025', '6e7e0ee5-567c-4cee-ad87-7a639b5d46ec', NULL, NULL, NULL, NULL),
	('2024-08-25 10:14:24.151378+00', 'https://cdn.media.amplience.net/s/k2/k2snow_2425_world-peace_KB240312?w=340&fmt=webp&fmt.interlaced=true&bg=white&qlt=100&protocol=https', 'K2 World Peace Men''s Snowboard 2025', NULL, 'snowboarding', 'https://k2snow.com/en-gb/p/world-peace-mens-snowboard-2025', '4ffc8910-ae41-416f-b734-705d13f8814a', NULL, NULL, NULL, NULL),
	('2024-08-25 10:14:24.151378+00', 'https://cdn.media.amplience.net/s/k2/k2snow_2425_geometric_KB240313?w=340&fmt=webp&fmt.interlaced=true&bg=white&qlt=100&protocol=https', 'K2 Geometric Men''s Snowboard 2025', NULL, 'snowboarding', 'https://k2snow.com/en-gb/p/geometric-mens-snowboard-2025', '3c5a6492-024b-4fad-bea4-0fa49a9668eb', NULL, NULL, NULL, NULL),
	('2024-08-25 10:14:24.151378+00', 'https://cdn.media.amplience.net/s/k2/k2snow_2425_special-effects_KB240300?w=340&fmt=webp&fmt.interlaced=true&bg=white&qlt=100&protocol=https', 'K2 Special Effects Unisex Snowboard 2025', NULL, 'snowboarding', 'https://k2snow.com/en-gb/p/special-effects-unisex-snowboard-2025', 'a79a9bd6-c1b2-4313-8194-4cf28dd41881', NULL, NULL, NULL, NULL),
	('2024-08-25 10:14:24.151378+00', 'https://cdn.media.amplience.net/s/k2/k2snow_2425_niseko-pleasures_KB240301?w=340&fmt=webp&fmt.interlaced=true&bg=white&qlt=100&protocol=https', 'K2 Niseko Pleasures Unisex Snowboard 2025', NULL, 'snowboarding', 'https://k2snow.com/en-gb/p/niseko-pleasures-unisex-snowboard-2025', 'c5d592be-c62a-49da-995c-eca4c42db305', NULL, NULL, NULL, NULL),
	('2024-08-25 10:14:24.151378+00', 'https://cdn.media.amplience.net/s/k2/k2snow_2425_tree-splitter_KB240319?w=340&fmt=webp&fmt.interlaced=true&bg=white&qlt=100&protocol=https', 'K2 Tree Splitter Unisex Snowboard 2025', NULL, 'snowboarding', 'https://k2snow.com/en-gb/p/tree-splitter-unisex-snowboard-2025', 'ff19d461-04d6-4bc7-9916-2853448bc3b4', NULL, NULL, NULL, NULL),
	('2024-08-25 10:14:24.151378+00', 'https://cdn.media.amplience.net/s/k2/k2_2324_freeloader_B2302001?w=340&fmt=webp&fmt.interlaced=true&bg=white&qlt=100&protocol=https', 'K2 Freeloader Unisex Splitboard 2025', NULL, 'snowboarding', 'https://k2snow.com/en-gb/p/freeloader-splitboard-snowboard-2025', '0581767d-731e-4bd4-81de-8848d7a672f9', NULL, NULL, NULL, NULL),
	('2024-08-25 10:14:24.151378+00', 'https://cdn.media.amplience.net/s/k2/k2_2425_isolator_B2302041?w=340&fmt=webp&fmt.interlaced=true&bg=white&qlt=100&protocol=https', 'K2 Isolator Unisex Splitboard 2025', NULL, 'snowboarding', 'https://k2snow.com/en-gb/p/isolator-snowboard-2025', '7a81094d-ce28-4d69-9cc0-7878e897135f', NULL, NULL, NULL, NULL),
	('2024-08-25 10:14:24.151378+00', 'https://cdn.media.amplience.net/s/k2/k2_2324_marauder-split-package_B2302002?w=340&fmt=webp&fmt.interlaced=true&bg=white&qlt=100&protocol=https', 'K2 Marauder Unisex Splitboard Package 2025', NULL, 'snowboarding', 'https://k2snow.com/en-gb/p/marauder-unisex-splitboard-package-2025', '7401d638-96bb-4b73-9a94-a69e0abf3838', NULL, NULL, NULL, NULL),
	('2024-08-25 10:14:24.151378+00', 'https://cdn.media.amplience.net/s/k2/k2snow_2425_kandi_KB240320?w=340&fmt=webp&fmt.interlaced=true&bg=white&qlt=100&protocol=https', 'K2 Kandi Youth Snowboard 2025', NULL, 'snowboarding', 'https://k2snow.com/en-gb/p/kandi-youth-snowboard-2025', 'f6dc4150-8c2e-4d0d-a0c0-770ab037e5e9', NULL, NULL, NULL, NULL),
	('2024-08-25 10:14:24.151378+00', 'https://cdn.media.amplience.net/s/k2/k2snow_2425_lil-kat_KB240322?w=340&fmt=webp&fmt.interlaced=true&bg=white&qlt=100&protocol=https', 'K2 Lil Kat Youth Snowboard 2025', NULL, 'snowboarding', 'https://k2snow.com/en-gb/p/lil-kat-youth-snowboard-2025', '118be213-8fe3-4cc0-bbbc-c00ce630fb25', NULL, NULL, NULL, NULL),
	('2024-08-25 10:38:27.939851+00', 'https://eu.capitasnowboarding.com/cdn/shop/products/D_2425_productimage_aeronaut_153_550x550.png?v=1709120596', 'AERONAUT', 'MEN''S DIRECTIONAL CAMBER', 'snowboarding', 'https://eu.capitasnowboarding.com/en-gb/products/aeronaut-2025', 'ba5abbd4-6da6-4f07-a5f1-825d544d120b', '{"lengths": ["153", "155", "157", "159", "161", "156W", "158W"]}', NULL, NULL, NULL),
	('2024-08-25 10:38:27.939851+00', 'https://eu.capitasnowboarding.com/cdn/shop/files/D_2425_productimage_superdoa_152_550x550.png?v=1720189090', 'SUPER D.O.A.', 'RESORT TRUE TWIN HYBRID CAMBER', 'snowboarding', 'https://eu.capitasnowboarding.com/en-gb/products/super-doa-2025', 'd63c8337-9d70-474b-9eaf-fcd7194ff942', '{"lengths": ["152", "154", "156", "158", "160", "155W", "158W"]}', NULL, NULL, NULL),
	('2024-08-25 10:38:27.939851+00', 'https://eu.capitasnowboarding.com/cdn/shop/files/D_2425_productimage_doa_148_550x550.png?v=1720189129', 'D.O.A.', 'RESORT TRUE TWIN HYBRID CAMBER', 'snowboarding', 'https://eu.capitasnowboarding.com/en-gb/products/doa-2025', '8fa458c7-2532-450a-ad7c-a45527c5adde', '{"lengths": ["148", "150", "152", "154", "156", "158", "160"]}', NULL, NULL, NULL),
	('2024-08-25 10:38:27.939851+00', 'https://eu.capitasnowboarding.com/cdn/shop/files/D_2425_productimage_kazu_151_dc69700f-5029-4bc3-accd-7bd212ac1933_550x550.png?v=1724450391', 'KAZU KOKUBO PRO', 'ALL-MTN FREERIDE DIRECTIONAL HYBRID CAMBER', 'snowboarding', 'https://eu.capitasnowboarding.com/en-gb/products/kazu-kokubo-pro-2025', '48517acf-e1c4-4d67-bde0-e077eed9443a', '{"lengths": ["151", "154", "157", "160", "155W", "158W", "161W"]}', NULL, NULL, NULL),
	('2024-08-25 10:38:27.939851+00', 'https://eu.capitasnowboarding.com/cdn/shop/files/D_2425_productimage_ultrafear_147_550x550.png?v=1720521596', 'ULTRAFEAR', 'RESORT FREESTYLE TRUE TWIN TRADITIONAL CAMBER', 'snowboarding', 'https://eu.capitasnowboarding.com/en-gb/products/ultrafear-2025', '04a28457-4ba9-4e5c-8e43-349bb81c44a6', '{"lengths": ["149", "151", "153", "155", "157", "153W", "147"]}', NULL, NULL, NULL),
	('2024-08-25 10:38:27.939851+00', 'https://eu.capitasnowboarding.com/cdn/shop/products/D_2425_productimage_boaf_138_b4679258-245e-4549-bb02-6c1a2a258f68_550x550.png?v=1709207222', 'BIRDS OF A FEATHER', 'WOMEN''S TRUE TWIN HYBRID CAMBER', 'snowboarding', 'https://eu.capitasnowboarding.com/en-gb/products/birds-of-a-feather-2025', '5712ca5f-450d-4957-be06-732baaf6b68e', '{"lengths": ["144", "146", "148", "150", "142", "140", "138"]}', NULL, NULL, NULL),
	('2024-08-25 10:38:27.939851+00', 'https://eu.capitasnowboarding.com/cdn/shop/files/D_2425_productimage_bsod_156_550x550.png?v=1720189360', 'THE BLACK SNOWBOARD OF DEATH', 'ALL-MTN FREERIDE DIRECTIONAL HYBRID CAMBER', 'snowboarding', 'https://eu.capitasnowboarding.com/en-gb/products/the-black-snowboard-of-death-2025', '90975d12-66cd-45cb-bc1e-7a82b437666a', '{"lengths": ["156", "159", "162", "157W", "161W", "165W", "169W"]}', NULL, NULL, NULL),
	('2024-08-25 10:38:27.939851+00', 'https://eu.capitasnowboarding.com/cdn/shop/files/D_2425_productimage_megamerc_153_550x550.png?v=1720189322', 'MEGA MERC', 'ALL-MTN FREERIDE DIRECTIONAL HYBRID CAMBER', 'snowboarding', 'https://eu.capitasnowboarding.com/en-gb/products/mega-merc-2025', '99b5f790-7109-4a34-a95f-524a6db9b086', '{"lengths": ["153", "155", "157", "159", "161", "156W", "158W"]}', NULL, NULL, NULL),
	('2024-08-25 10:38:27.939851+00', 'https://eu.capitasnowboarding.com/cdn/shop/files/D_2425_productimage_smf_139_550x550.png?v=1720189303', 'SPACE METAL FANTASY', 'WOMEN''S RESORT FREESTYLE TRUE TWIN REVERSE CAMBER', 'snowboarding', 'https://eu.capitasnowboarding.com/en-gb/products/space-metal-fantasy-2025', '9a7e382f-0be9-45ad-b181-a33c9fba0ad3', '{"lengths": ["145", "147", "149", "151", "143", "141", "139"]}', NULL, NULL, NULL),
	('2024-08-25 10:38:27.939851+00', 'https://eu.capitasnowboarding.com/cdn/shop/files/D_2425_productimage_pathfinderCAM_145_550x550.png?v=1720189243', 'PATHFINDER CAMBER', 'RESORT FREESTYLE DIRECTIONAL TWIN TRADITIONAL CAMBER', 'snowboarding', 'https://eu.capitasnowboarding.com/en-gb/products/pathfinder-camber-2025', 'abe4b3b8-d606-432a-9d1b-803fe178f097', '{"lengths": ["153", "155", "157", "151", "149", "147", "145"]}', NULL, NULL, NULL),
	('2024-08-25 10:38:27.939851+00', 'https://eu.capitasnowboarding.com/cdn/shop/files/D_2425_productimage_theoutsiders_150_550x550.png?v=1720521577', 'THE OUTSIDERS', 'PARK RESORT TRUE TWIN TRADITIONAL CAMBER', 'snowboarding', 'https://eu.capitasnowboarding.com/en-gb/products/the-outsiders-2025', 'ac216676-c363-41ab-a8fd-a362807a9e4b', '{"lengths": ["154", "156", "158", "156W", "152W", "152", "150"]}', NULL, NULL, NULL),
	('2024-08-25 10:38:27.939851+00', 'https://eu.capitasnowboarding.com/cdn/shop/products/D_2425_productimage_resorttwin_150_825285d7-55ed-4386-b8d2-4dcc1acbd2c7_550x550.png?v=1709207228', 'SB RESORT TWIN', 'MEN''S TRUE TWIN HYBRID CAMBER', 'snowboarding', 'https://eu.capitasnowboarding.com/en-gb/products/sb-resort-twin-2025', 'ad16d5bc-39e2-4f68-8c64-15ab7909d2f6', '{"lengths": ["152", "154", "156", "158", "160", "155W", "158W"]}', NULL, NULL, NULL),
	('2024-08-25 10:38:27.939851+00', 'https://eu.capitasnowboarding.com/cdn/shop/products/D_2425_productimage_megadeath_156_9a841f88-b7d2-478c-9dc1-b1cc87e6745b_550x550.png?v=1709207225', 'MEGA DEATH', 'MEN''S DIRECTIONAL HYBRID CAMBER', 'snowboarding', 'https://eu.capitasnowboarding.com/en-gb/products/mega-death-2025', 'addcb20c-19f1-415b-861d-fd78d9a7ba6b', '{"lengths": ["156", "159", "162", "157W", "161W", "165W"]}', NULL, NULL, NULL),
	('2024-08-25 10:38:27.939851+00', 'https://eu.capitasnowboarding.com/cdn/shop/files/D_2425_productimage_paradise_139_550x550.png?v=1720189179', 'PARADISE', 'WOMEN''S RESORT DIRECTIONAL TWIN HYBRID CAMBER', 'snowboarding', 'https://eu.capitasnowboarding.com/en-gb/products/paradise-2025', 'b61e6d76-119b-419b-b7d1-21831ab5f4dd', '{"lengths": ["141", "143", "145", "147", "149", "151", "139"]}', NULL, NULL, NULL),
	('2024-08-25 10:38:27.939851+00', 'https://eu.capitasnowboarding.com/cdn/shop/files/D_2425_productimage_SBpowderglider_154_550x550.png?v=1720189341', 'SB POWDER GLIDER', 'SPRING BREAK POWDER SEEKER DIRECTIONAL REVERSE CAMBER', 'snowboarding', 'https://eu.capitasnowboarding.com/en-gb/products/sb-powder-glider-2025', 'c119b365-cbf7-4dfc-8163-19849d7c612b', '{"lengths": ["158", "162", "154"]}', NULL, NULL, NULL),
	('2024-08-25 10:38:27.939851+00', 'https://eu.capitasnowboarding.com/cdn/shop/files/D_2425_productimage_SBpowdertwin_153_0d10c394-477b-4170-a0b3-c9aaa0a4ab4d_550x550.png?v=1720189210', 'SB POWDER TWIN', 'SPRING BREAK BLENDED RADIAL TRUE TWIN', 'snowboarding', 'https://eu.capitasnowboarding.com/en-gb/products/sb-powder-twin-2025', 'ec6e5424-f24f-4ace-872f-2551b7c19a22', '{"lengths": ["153", "156", "159", "162"]}', NULL, NULL, NULL),
	('2024-08-25 10:38:27.939851+00', 'https://eu.capitasnowboarding.com/cdn/shop/files/D_2425_productimage_outerspace_148_550x550.png?v=1724450505', 'OUTERSPACE LIVING', 'RESORT DIRECTIONAL TWIN HYBRID CAMBER', 'snowboarding', 'https://eu.capitasnowboarding.com/en-gb/products/outerspace-living-2025', 'fdd5b495-cb76-4dd6-a77a-3be78d7432b7', '{"lengths": ["150", "152", "154", "156", "158", "160", "148"]}', NULL, NULL, NULL),
	('2024-08-25 10:38:27.939851+00', 'https://eu.capitasnowboarding.com/cdn/shop/files/D_2425_productimage_mercury_147_550x550.png?v=1720189406', 'MERCURY', 'ALL-MTN FREERIDE DIRECTIONAL HYBRID CAMBER', 'snowboarding', 'https://eu.capitasnowboarding.com/en-gb/products/mercury-2025', '2d511b37-5371-4d3e-b10f-f79308665c88', '{"lengths": ["153", "155", "157", "159", "161", "150", "147"]}', NULL, NULL, NULL),
	('2024-08-25 10:38:27.939851+00', 'https://eu.capitasnowboarding.com/cdn/shop/files/D_2425_productimage_pathfinderREV_145_550x550.png?v=1720189273', 'PATHFINDER REVERSE CAMBER', 'FREESTYLE TRUE TWIN REVERSE CAMBER', 'snowboarding', 'https://eu.capitasnowboarding.com/en-gb/products/pathfinder-reverse-camber-2025', '87bc428e-76e3-47f3-b8bd-397983ca55b9', '{"lengths": ["153", "155", "157", "151", "149", "147", "145"]}', NULL, NULL, NULL),
	('2024-08-25 10:38:27.939851+00', 'https://eu.capitasnowboarding.com/cdn/shop/files/D_2425_productimage_indoor_150_a56cce4c-5ad7-43fd-a527-6c0c18d19f48_550x550.png?v=1724449462', 'INDOOR SURVIVAL', 'MEN''S NEW AGE RADIAL TRUE TWIN', 'snowboarding', 'https://eu.capitasnowboarding.com/en-gb/products/indoor-survival-2025', 'd006e0c5-fe45-4516-8437-4a9a31012422', '{"lengths": ["150", "152", "154", "156", "158", "155W", "160"]}', NULL, NULL, NULL),
	('2024-08-15 12:32:00.471597+00', 'https://usercontent.one/wp/www.outdoorhire.co.uk/wp-content/uploads/2020/10/black-diamond-mission-50-litre-climbing-pack-300x300.jpg?media=1719394803', 'Mission 50-55L Climbing Backpack', '', '', 'https://www.outdoorhire.co.uk/product/mission-50-55l-climbing-backpack/', 'cebba1c9-7745-4af3-bfe2-1e95ca2f4252', '{"gender": ["unisex"]}', NULL, NULL, NULL),
	('2024-08-25 10:38:27.939851+00', 'https://eu.capitasnowboarding.com/cdn/shop/files/SPT01MEGASPLIT155_72d4a512-b16f-466e-81d5-9259ce499431_550x550.png?v=1720189332', 'MEGA SPLIT', 'SPLIT BOARD ALL-MTN + FREERIDE  DIRECTIONAL HYBRID CAMBER', 'snowboarding', 'https://eu.capitasnowboarding.com/en-gb/products/mega-split-2025', 'c657c276-51fb-4866-bb5a-0d5ba073c601', '{"lengths": ["161", "159", "157", "155"]}', NULL, NULL, NULL),
	('2024-08-25 10:14:24.151378+00', 'https://cdn.media.amplience.net/s/k2/k2snow_2425_antidote_KB240303?w=340&fmt=webp&fmt.interlaced=true&bg=white&qlt=100&protocol=https', 'K2 Antidote Unisex Snowboard 2025', '', 'snowboarding', 'https://k2snow.com/en-gb/p/antidote-unisex-snowboard-2025', '0105ef76-fff0-4ad4-87ed-a64f86959dd8', '{"colors": ["gray"]}', NULL, '20', '{}');


--
-- Data for Name: tbl_stores; Type: TABLE DATA; Schema: public; Owner: postgres
--

INSERT INTO "public"."tbl_stores" ("store_id", "google_link", "store_name", "google_rating", "description", "address", "closing_time", "business_number", "store_img", "business_email", "user_id") VALUES
	('c71531c9-5d12-40c6-b355-71abe0ee9b73', NULL, 'Roho''s Store', NULL, NULL, '14 London, 5th Ave', NULL, '447393062166', 'https://plus.unsplash.com/premium_photo-1661964205360-b0621b5a9366?q=80&w=2638&auto=format&fit=crop&ixlib=rb-4.0.3&ixid=M3wxMjA3fDB8MHxwaG90by1wYWdlfHx8fGVufDB8fHx8fA%3D%3D', 'rohosen.main@gmail.com', '7809c581-da2e-4b4d-b064-3f41dc2449c0'),
	('0c1e0523-4abe-4d5a-8d7b-3377ed5a1841', NULL, 'boardsbybrady', NULL, NULL, '17 High Bank Crescent', NULL, '4407401095288', 'https://media.istockphoto.com/id/1341947720/photo/outdoor-shop.jpg?s=1024x1024&w=is&k=20&c=hSgzT-q-ZYLmTf-R8PFOdlhhcqThTrqVXcivy9n-kWg=', 'brady.alexander321@gmail.com', '4aee6efc-ceaa-4070-94c6-f13f85f31a5f'),
	('a6ed09f3-658a-40e2-9e10-2c7175212b64', NULL, 'Demo Store Roho', NULL, NULL, '14 Lenton Street', NULL, '4407393062166', 'https://media.istockphoto.com/id/1341950127/photo/small-business-owners.jpg?s=612x612&w=0&k=20&c=sDUtPSWAf4f-WT836YUoOiZY11auQY6v3sepk3ZQ_ys=', 'roho.bhattacharya@gmail.com', 'ecfdc9af-2091-438f-91a3-44dde8de6558');


--
-- Data for Name: tbl_inventory; Type: TABLE DATA; Schema: public; Owner: postgres
--

INSERT INTO "public"."tbl_inventory" ("product_id", "store_id", "total_units", "available_units", "inventory_id", "base_price", "currency_code", "price_granularity", "discount_1", "discount_2", "discount_3", "description", "product_metadata") VALUES
	('cebba1c9-7745-4af3-bfe2-1e95ca2f4252', NULL, NULL, NULL, '062c7d38-fcbd-4779-9692-2cd37ca72afe', NULL, NULL, 'daily', NULL, NULL, NULL, NULL, NULL),
	('147a2d29-59f5-4882-bf12-e3b386142cbb', NULL, NULL, NULL, '3a05e13c-a7ec-4567-b646-79729864397e', NULL, NULL, 'daily', NULL, NULL, NULL, NULL, NULL),
	('aff30f4f-ee66-4bf0-945a-8b246d220882', NULL, NULL, NULL, '52f7ebe7-3619-4c82-8ce3-7904c18b575e', NULL, NULL, 'daily', NULL, NULL, NULL, NULL, NULL),
	('33b00343-feff-43a2-bdbe-b6e56f112335', NULL, NULL, NULL, '9b09ad87-8b45-4c0d-b859-dcda07ba6f57', NULL, NULL, 'daily', NULL, NULL, NULL, NULL, NULL),
	('3c5a6492-024b-4fad-bea4-0fa49a9668eb', NULL, NULL, NULL, 'bf47815e-53a5-42f2-be26-50cff69edc74', NULL, NULL, 'daily', NULL, NULL, NULL, NULL, NULL),
	('0105ef76-fff0-4ad4-87ed-a64f86959dd8', NULL, NULL, NULL, 'a9f23831-2a7d-48bc-a4a1-550b72e9c91b', '20', 'GBP', 'daily', 5, 10, 15, 'this is a very good board', '{"sizes": [], "colors": [], "widths": [], "lengths": []}'),
	('147a2d29-59f5-4882-bf12-e3b386142cbb', 'a6ed09f3-658a-40e2-9e10-2c7175212b64', NULL, NULL, 'bba16481-6764-4d22-81f1-19c5b73337a2', '30', 'USD', 'daily', 10, 10, 10, 'feafefafaefaefaefaef', '{"sizes": [], "colors": [], "widths": [], "lengths": []}'),
	('34ba8bd6-678c-424f-b60a-e442eab86513', '0c1e0523-4abe-4d5a-8d7b-3377ed5a1841', NULL, NULL, '3db1f727-0759-4da1-a235-e414e882b155', '30', 'USD', 'daily', 5, 10, 20, 'pow board, wide turning circle ', '{"sizes": [], "colors": [], "widths": [], "lengths": []}'),
	('04a28457-4ba9-4e5c-8e43-349bb81c44a6', '0c1e0523-4abe-4d5a-8d7b-3377ed5a1841', NULL, NULL, '456366a1-fbe2-43d2-8aa6-61b6aba85ab1', '60', 'USD', 'daily', 5, 15, 20, 'really cool all mountain board ', '{"sizes": [], "colors": [], "widths": [], "lengths": []}'),
	('59f72b02-b3b5-4543-b6e5-186c9e1906e3', '0c1e0523-4abe-4d5a-8d7b-3377ed5a1841', NULL, NULL, 'ad7b8516-9ec5-4a23-b925-739257c5567a', '40', 'USD', 'daily', 5, 10, 20, 'mens snowboard all mountain ', '{"sizes": [], "colors": [], "widths": [], "lengths": []}'),
	('3e3aa9b0-dc6f-4d43-b9cc-175aabe75c80', 'c71531c9-5d12-40c6-b355-71abe0ee9b73', NULL, NULL, 'ba63efa9-c6bb-4e1a-b096-3e45ea211100', '23', 'USD', 'daily', 15, 15, 15, 'new as hell just buy it', '{"sizes": [], "colors": [], "widths": [], "lengths": []}'),
	('04a28457-4ba9-4e5c-8e43-349bb81c44a6', 'c71531c9-5d12-40c6-b355-71abe0ee9b73', NULL, NULL, '4ed8c862-c4ab-407d-b2cb-bd75d95d1c18', '23', 'USD', 'daily', 10, 10, 20, 'very long description for the product', '{"sizes": [], "colors": [], "widths": [], "lengths": []}');


--
-- Data for Name: tbl_users; Type: TABLE DATA; Schema: public; Owner: postgres
--

INSERT INTO "public"."tbl_users" ("user_id", "email", "phone", "created_at", "store_id", "name", "picture", "is_admin") VALUES
	('ecfdc9af-2091-438f-91a3-44dde8de6558', 'roho.bhattacharya@gmail.com', NULL, '2024-08-15 14:00:45.148717', 'a6ed09f3-658a-40e2-9e10-2c7175212b64', NULL, NULL, NULL),
	('7809c581-da2e-4b4d-b064-3f41dc2449c0', 'rohosen.main@gmail.com', NULL, '2024-08-23 14:11:13.236546', 'c71531c9-5d12-40c6-b355-71abe0ee9b73', 'Rohosen Bhattacharya', 'https://lh3.googleusercontent.com/a/ACg8ocLRPktEJ2fUD_Ahi6XvqkDK1WcMldkyhtjCuNKlB1C_mSnP9A=s96-c', true),
	('4aee6efc-ceaa-4070-94c6-f13f85f31a5f', 'brady.alexander321@gmail.com', NULL, '2024-08-25 09:57:30.200176', '0c1e0523-4abe-4d5a-8d7b-3377ed5a1841', NULL, NULL, true);


--
-- Data for Name: buckets; Type: TABLE DATA; Schema: storage; Owner: supabase_storage_admin
--



--
-- Data for Name: objects; Type: TABLE DATA; Schema: storage; Owner: supabase_storage_admin
--



--
-- Data for Name: s3_multipart_uploads; Type: TABLE DATA; Schema: storage; Owner: supabase_storage_admin
--



--
-- Data for Name: s3_multipart_uploads_parts; Type: TABLE DATA; Schema: storage; Owner: supabase_storage_admin
--



--
-- Data for Name: secrets; Type: TABLE DATA; Schema: vault; Owner: supabase_admin
--



--
-- Name: refresh_tokens_id_seq; Type: SEQUENCE SET; Schema: auth; Owner: supabase_auth_admin
--

SELECT pg_catalog.setval('"auth"."refresh_tokens_id_seq"', 122, true);


--
-- Name: key_key_id_seq; Type: SEQUENCE SET; Schema: pgsodium; Owner: supabase_admin
--

SELECT pg_catalog.setval('"pgsodium"."key_key_id_seq"', 1, false);


--
-- PostgreSQL database dump complete
--

RESET ALL;
